model,objective,image,image_sha256,height,width,snr_db,draw,noise_seed,cbr_payload,rate_map_bits,cbr_rate_map_capacity,cbr_with_rate_map_capacity,mse,psnr,ms_ssim,ms_ssim_db,lpips,native_ms_ssim_4level,psnr_8bit
swin_msssim_c32,MS-SSIM,01.png,a56e27cbf5f843c048b6af1d6e090760e9c92fadba88b7dee0205918a37523bd,512,768,10.0,0,100007070,0.020833333333333332,0.0,0.0,0.020833333333333332,0.0034163547679781914,24.664371490478516,0.9521200060844421,13.19845962524414,0.26208680868148804,0.9426763653755188,24.662410736083984
swin_msssim_c32,MS-SSIM,01.png,a56e27cbf5f843c048b6af1d6e090760e9c92fadba88b7dee0205918a37523bd,512,768,10.0,1,100007071,0.020833333333333332,0.0,0.0,0.020833333333333332,0.003393046325072646,24.694101333618164,0.9524224996566772,13.225984573364258,0.26044952869415283,0.9430027008056641,24.6921443939209
swin_msssim_c32,MS-SSIM,01.png,a56e27cbf5f843c048b6af1d6e090760e9c92fadba88b7dee0205918a37523bd,512,768,10.0,2,100007072,0.020833333333333332,0.0,0.0,0.020833333333333332,0.00339244632050395,24.694869995117188,0.9521681666374207,13.202829360961914,0.25918880105018616,0.9427375793457031,24.693262100219727
swin_msssim_c32,MS-SSIM,01.png,a56e27cbf5f843c048b6af1d6e090760e9c92fadba88b7dee0205918a37523bd,512,768,10.0,3,100007073,0.020833333333333332,0.0,0.0,0.020833333333333332,0.0034389840438961983,24.635698318481445,0.9521769285202026,13.203625679016113,0.2627803087234497,0.9428014755249023,24.63388442993164
swin_msssim_c32,MS-SSIM,01.png,a56e27cbf5f843c048b6af1d6e090760e9c92fadba88b7dee0205918a37523bd,512,768,10.0,4,100007074,0.020833333333333332,0.0,0.0,0.020833333333333332,0.0033781947568058968,24.713153839111328,0.9528183341026306,13.26226806640625,0.26122647523880005,0.9435850381851196,24.711315155029297
swin_msssim_c32,MS-SSIM,01.png,a56e27cbf5f843c048b6af1d6e090760e9c92fadba88b7dee0205918a37523bd,512,768,10.0,5,100007075,0.020833333333333332,0.0,0.0,0.020833333333333332,0.003439764492213726,24.634714126586914,0.9516047239303589,13.151970863342285,0.2605277895927429,0.9417285323143005,24.633121490478516
swin_msssim_c32,MS-SSIM,01.png,a56e27cbf5f843c048b6af1d6e090760e9c92fadba88b7dee0205918a37523bd,512,768,10.0,6,100007076,0.020833333333333332,0.0,0.0,0.020833333333333332,0.0034220251254737377,24.657169342041016,0.9522101283073425,13.206642150878906,0.26347586512565613,0.9426576495170593,24.655582427978516
swin_msssim_c32,MS-SSIM,01.png,a56e27cbf5f843c048b6af1d6e090760e9c92fadba88b7dee0205918a37523bd,512,768,10.0,7,100007077,0.020833333333333332,0.0,0.0,0.020833333333333332,0.0034117274917662144,24.670257568359375,0.9519383907318115,13.182018280029297,0.26663947105407715,0.9421678185462952,24.668689727783203
swin_msssim_c32,MS-SSIM,01.png,a56e27cbf5f843c048b6af1d6e090760e9c92fadba88b7dee0205918a37523bd,512,768,10.0,8,100007078,0.020833333333333332,0.0,0.0,0.020833333333333332,0.0033854367211461067,24.703853607177734,0.9524890184402466,13.232060432434082,0.2628829777240753,0.9430821537971497,24.702054977416992
swin_msssim_c32,MS-SSIM,01.png,a56e27cbf5f843c048b6af1d6e090760e9c92fadba88b7dee0205918a37523bd,512,768,10.0,9,100007079,0.020833333333333332,0.0,0.0,0.020833333333333332,0.0034437866415828466,24.629638671875,0.9518980979919434,13.178378105163574,0.2600643038749695,0.942428708076477,24.628173828125
swin_msssim_c32,MS-SSIM,02.png,4f4b74a79237e311d72cad958237b5f7088d8bce1c82305ebefe1a70e3022dfd,512,768,10.0,0,100017070,0.020833333333333332,0.0,0.0,0.020833333333333332,0.001189570059068501,29.24610137939453,0.9644376039505005,14.490090370178223,0.23605844378471375,0.9565713405609131,29.24146270751953
swin_msssim_c32,MS-SSIM,02.png,4f4b74a79237e311d72cad958237b5f7088d8bce1c82305ebefe1a70e3022dfd,512,768,10.0,1,100017071,0.020833333333333332,0.0,0.0,0.020833333333333332,0.0011863852851092815,29.25774383544922,0.9647753238677979,14.53153133392334,0.23209066689014435,0.9571025371551514,29.253435134887695
swin_msssim_c32,MS-SSIM,02.png,4f4b74a79237e311d72cad958237b5f7088d8bce1c82305ebefe1a70e3022dfd,512,768,10.0,2,100017072,0.020833333333333332,0.0,0.0,0.020833333333333332,0.001206850865855813,29.18346405029297,0.964472770690918,14.494386672973633,0.23602914810180664,0.9567709565162659,29.178571701049805
swin_msssim_c32,MS-SSIM,02.png,4f4b74a79237e311d72cad958237b5f7088d8bce1c82305ebefe1a70e3022dfd,512,768,10.0,3,100017073,0.020833333333333332,0.0,0.0,0.020833333333333332,0.001192934811115265,29.233835220336914,0.9645500183105469,14.503840446472168,0.2311897873878479,0.9567531943321228,29.22947883605957
swin_msssim_c32,MS-SSIM,02.png,4f4b74a79237e311d72cad958237b5f7088d8bce1c82305ebefe1a70e3022dfd,512,768,10.0,4,100017074,0.020833333333333332,0.0,0.0,0.020833333333333332,0.0011977930553257465,29.216182708740234,0.964547336101532,14.503512382507324,0.23690542578697205,0.9567418694496155,29.211530685424805
swin_msssim_c32,MS-SSIM,02.png,4f4b74a79237e311d72cad958237b5f7088d8bce1c82305ebefe1a70e3022dfd,512,768,10.0,5,100017075,0.020833333333333332,0.0,0.0,0.020833333333333332,0.0012061239685863256,29.186080932617188,0.9643415808677673,14.478379249572754,0.23589029908180237,0.956323504447937,29.181392669677734
swin_msssim_c32,MS-SSIM,02.png,4f4b74a79237e311d72cad958237b5f7088d8bce1c82305ebefe1a70e3022dfd,512,768,10.0,6,100017076,0.020833333333333332,0.0,0.0,0.020833333333333332,0.0011724411742761731,29.30908966064453,0.9645721316337585,14.506549835205078,0.2372557669878006,0.9567444920539856,29.304210662841797
swin_msssim_c32,MS-SSIM,02.png,4f4b74a79237e311d72cad958237b5f7088d8bce1c82305ebefe1a70e3022dfd,512,768,10.0,7,100017077,0.020833333333333332,0.0,0.0,0.020833333333333332,0.0012135911965742707,29.159276962280273,0.9645022749900818,14.497995376586914,0.23733682930469513,0.9565849304199219,29.154603958129883
swin_msssim_c32,MS-SSIM,02.png,4f4b74a79237e311d72cad958237b5f7088d8bce1c82305ebefe1a70e3022dfd,512,768,10.0,8,100017078,0.020833333333333332,0.0,0.0,0.020833333333333332,0.0012055957922711968,29.1879825592041,0.9643262624740601,14.476513862609863,0.23622779548168182,0.956500768661499,29.183225631713867
swin_msssim_c32,MS-SSIM,02.png,4f4b74a79237e311d72cad958237b5f7088d8bce1c82305ebefe1a70e3022dfd,512,768,10.0,9,100017079,0.020833333333333332,0.0,0.0,0.020833333333333332,0.001185284461826086,29.261775970458984,0.9646255970001221,14.51310920715332,0.23641067743301392,0.9567350745201111,29.257505416870117
swin_msssim_c32,MS-SSIM,03.png,e25ca1ff2f0c0cb5fdfd5f9b0a0bb21ac4c3de3c84a67f35b09a85d3306249db,512,768,10.0,0,100027070,0.020833333333333332,0.0,0.0,0.020833333333333332,0.0008229900267906487,30.846057891845703,0.9836661219596863,17.869108200073242,0.1332237869501114,0.9801123738288879,30.838747024536133
swin_msssim_c32,MS-SSIM,03.png,e25ca1ff2f0c0cb5fdfd5f9b0a0bb21ac4c3de3c84a67f35b09a85d3306249db,512,768,10.0,1,100027071,0.020833333333333332,0.0,0.0,0.020833333333333332,0.0008205017074942589,30.85920524597168,0.9835677146911621,17.843019485473633,0.13102182745933533,0.9798198938369751,30.852561950683594
swin_msssim_c32,MS-SSIM,03.png,e25ca1ff2f0c0cb5fdfd5f9b0a0bb21ac4c3de3c84a67f35b09a85d3306249db,512,768,10.0,2,100027072,0.020833333333333332,0.0,0.0,0.020833333333333332,0.0008198108989745378,30.862863540649414,0.9835266470909119,17.832181930541992,0.13036136329174042,0.9797950983047485,30.856231689453125
swin_msssim_c32,MS-SSIM,03.png,e25ca1ff2f0c0cb5fdfd5f9b0a0bb21ac4c3de3c84a67f35b09a85d3306249db,512,768,10.0,3,100027073,0.020833333333333332,0.0,0.0,0.020833333333333332,0.0008135616662912071,30.896095275878906,0.9834221601486206,17.80472183227539,0.12825505435466766,0.9797070622444153,30.888729095458984
swin_msssim_c32,MS-SSIM,03.png,e25ca1ff2f0c0cb5fdfd5f9b0a0bb21ac4c3de3c84a67f35b09a85d3306249db,512,768,10.0,4,100027074,0.020833333333333332,0.0,0.0,0.020833333333333332,0.0008159849094226956,30.8831787109375,0.9836398363113403,17.862125396728516,0.1318613588809967,0.9800678491592407,30.876625061035156
swin_msssim_c32,MS-SSIM,03.png,e25ca1ff2f0c0cb5fdfd5f9b0a0bb21ac4c3de3c84a67f35b09a85d3306249db,512,768,10.0,5,100027075,0.020833333333333332,0.0,0.0,0.020833333333333332,0.0008068748866207898,30.93194007873535,0.9836534857749939,17.86574935913086,0.1299133598804474,0.9800480008125305,30.924850463867188
swin_msssim_c32,MS-SSIM,03.png,e25ca1ff2f0c0cb5fdfd5f9b0a0bb21ac4c3de3c84a67f35b09a85d3306249db,512,768,10.0,6,100027076,0.020833333333333332,0.0,0.0,0.020833333333333332,0.000831026176456362,30.80385398864746,0.9836618304252625,17.867965698242188,0.13013795018196106,0.9800079464912415,30.797426223754883
swin_msssim_c32,MS-SSIM,03.png,e25ca1ff2f0c0cb5fdfd5f9b0a0bb21ac4c3de3c84a67f35b09a85d3306249db,512,768,10.0,7,100027077,0.020833333333333332,0.0,0.0,0.020833333333333332,0.0008225137717090547,30.848567962646484,0.9835991859436035,17.851346969604492,0.13150951266288757,0.9799373149871826,30.841724395751953
swin_msssim_c32,MS-SSIM,03.png,e25ca1ff2f0c0cb5fdfd5f9b0a0bb21ac4c3de3c84a67f35b09a85d3306249db,512,768,10.0,8,100027078,0.020833333333333332,0.0,0.0,0.020833333333333332,0.0008184243924915791,30.870216369628906,0.9836204051971436,17.856969833374023,0.12965743243694305,0.9799906611442566,30.863754272460938
swin_msssim_c32,MS-SSIM,03.png,e25ca1ff2f0c0cb5fdfd5f9b0a0bb21ac4c3de3c84a67f35b09a85d3306249db,512,768,10.0,9,100027079,0.020833333333333332,0.0,0.0,0.020833333333333332,0.0008229701197706163,30.846158981323242,0.9835313558578491,17.83342170715332,0.1328439563512802,0.9799387454986572,30.839248657226562
swin_msssim_c32,MS-SSIM,04.png,e3b946107c5d3441c022f678d0c3caf1e224d81b1604ba840a4f88e562de61aa,768,512,10.0,0,100037070,0.020833333333333332,0.0,0.0,0.020833333333333332,0.0011433413019403815,29.418241500854492,0.9688403010368347,15.064067840576172,0.22082839906215668,0.9623099565505981,29.41352081298828
swin_msssim_c32,MS-SSIM,04.png,e3b946107c5d3441c022f678d0c3caf1e224d81b1604ba840a4f88e562de61aa,768,512,10.0,1,100037071,0.020833333333333332,0.0,0.0,0.020833333333333332,0.001113075646571815,29.53475570678711,0.9688167572021484,15.06078815460205,0.2201157510280609,0.9623258709907532,29.52996253967285
swin_msssim_c32,MS-SSIM,04.png,e3b946107c5d3441c022f678d0c3caf1e224d81b1604ba840a4f88e562de61aa,768,512,10.0,2,100037072,0.020833333333333332,0.0,0.0,0.020833333333333332,0.001128415227867663,29.475311279296875,0.968808650970459,15.05965805053711,0.2201693207025528,0.9622997641563416,29.469850540161133
swin_msssim_c32,MS-SSIM,04.png,e3b946107c5d3441c022f678d0c3caf1e224d81b1604ba840a4f88e562de61aa,768,512,10.0,3,100037073,0.020833333333333332,0.0,0.0,0.020833333333333332,0.001137142418883741,29.441852569580078,0.9688172340393066,15.060853958129883,0.22091418504714966,0.9622799754142761,29.43671226501465
swin_msssim_c32,MS-SSIM,04.png,e3b946107c5d3441c022f678d0c3caf1e224d81b1604ba840a4f88e562de61aa,768,512,10.0,4,100037074,0.020833333333333332,0.0,0.0,0.020833333333333332,0.001140372478403151,29.429533004760742,0.9689902663230896,15.085020065307617,0.22557304799556732,0.9625113606452942,29.425071716308594
swin_msssim_c32,MS-SSIM,04.png,e3b946107c5d3441c022f678d0c3caf1e224d81b1604ba840a4f88e562de61aa,768,512,10.0,5,100037075,0.020833333333333332,0.0,0.0,0.020833333333333332,0.001123888068832457,29.49277114868164,0.9690631628036499,15.09524154663086,0.22163832187652588,0.9626283049583435,29.487688064575195
swin_msssim_c32,MS-SSIM,04.png,e3b946107c5d3441c022f678d0c3caf1e224d81b1604ba840a4f88e562de61aa,768,512,10.0,6,100037076,0.020833333333333332,0.0,0.0,0.020833333333333332,0.0011065233265981078,29.560394287109375,0.9693310260772705,15.133008003234863,0.21731208264827728,0.9629666209220886,29.555068969726562
swin_msssim_c32,MS-SSIM,04.png,e3b946107c5d3441c022f678d0c3caf1e224d81b1604ba840a4f88e562de61aa,768,512,10.0,7,100037077,0.020833333333333332,0.0,0.0,0.020833333333333332,0.0011309838155284524,29.465436935424805,0.9686726331710815,15.04076099395752,0.21913649141788483,0.96210777759552,29.460235595703125
swin_msssim_c32,MS-SSIM,04.png,e3b946107c5d3441c022f678d0c3caf1e224d81b1604ba840a4f88e562de61aa,768,512,10.0,8,100037078,0.020833333333333332,0.0,0.0,0.020833333333333332,0.0011185597395524383,29.513408660888672,0.9686684608459473,15.040183067321777,0.2180406153202057,0.9621807932853699,29.50853729248047
swin_msssim_c32,MS-SSIM,04.png,e3b946107c5d3441c022f678d0c3caf1e224d81b1604ba840a4f88e562de61aa,768,512,10.0,9,100037079,0.020833333333333332,0.0,0.0,0.020833333333333332,0.0011078760726377368,29.555089950561523,0.9687358736991882,15.049537658691406,0.22000150382518768,0.962085485458374,29.550270080566406
swin_msssim_c32,MS-SSIM,05.png,10349e963c5c813d327852f82c1795fa4148d69fedffc4c589bee458e3ac3d53,512,768,10.0,0,100047070,0.020833333333333332,0.0,0.0,0.020833333333333332,0.004165372345596552,23.8034610748291,0.950610876083374,13.063687324523926,0.185961052775383,0.9398319721221924,23.80194091796875
swin_msssim_c32,MS-SSIM,05.png,10349e963c5c813d327852f82c1795fa4148d69fedffc4c589bee458e3ac3d53,512,768,10.0,1,100047071,0.020833333333333332,0.0,0.0,0.020833333333333332,0.0041367365047335625,23.833423614501953,0.951572835445404,13.149109840393066,0.18195587396621704,0.9413066506385803,23.83203125
swin_msssim_c32,MS-SSIM,05.png,10349e963c5c813d327852f82c1795fa4148d69fedffc4c589bee458e3ac3d53,512,768,10.0,2,100047072,0.020833333333333332,0.0,0.0,0.020833333333333332,0.0041712322272360325,23.7973575592041,0.9519938230514526,13.187028884887695,0.18563050031661987,0.9419729709625244,23.796218872070312
swin_msssim_c32,MS-SSIM,05.png,10349e963c5c813d327852f82c1795fa4148d69fedffc4c589bee458e3ac3d53,512,768,10.0,3,100047073,0.020833333333333332,0.0,0.0,0.020833333333333332,0.004127755761146545,23.842859268188477,0.9518699645996094,13.175838470458984,0.1855066567659378,0.9417235851287842,23.841453552246094
swin_msssim_c32,MS-SSIM,05.png,10349e963c5c813d327852f82c1795fa4148d69fedffc4c589bee458e3ac3d53,512,768,10.0,4,100047074,0.020833333333333332,0.0,0.0,0.020833333333333332,0.004100522957742214,23.87160873413086,0.9520070552825928,13.188226699829102,0.18446439504623413,0.9419987797737122,23.870349884033203
swin_msssim_c32,MS-SSIM,05.png,10349e963c5c813d327852f82c1795fa4148d69fedffc4c589bee458e3ac3d53,512,768,10.0,5,100047075,0.020833333333333332,0.0,0.0,0.020833333333333332,0.004116593394428492,23.8546199798584,0.9520146250724792,13.188911437988281,0.18557025492191315,0.9421539306640625,23.853084564208984
swin_msssim_c32,MS-SSIM,05.png,10349e963c5c813d327852f82c1795fa4148d69fedffc4c589bee458e3ac3d53,512,768,10.0,6,100047076,0.020833333333333332,0.0,0.0,0.020833333333333332,0.004142561927437782,23.827308654785156,0.9509031176567078,13.089461326599121,0.18444277346134186,0.9402930736541748,23.826017379760742
swin_msssim_c32,MS-SSIM,05.png,10349e963c5c813d327852f82c1795fa4148d69fedffc4c589bee458e3ac3d53,512,768,10.0,7,100047077,0.020833333333333332,0.0,0.0,0.020833333333333332,0.004132434725761414,23.837940216064453,0.95166015625,13.15694808959961,0.18555191159248352,0.9416294097900391,23.836528778076172
swin_msssim_c32,MS-SSIM,05.png,10349e963c5c813d327852f82c1795fa4148d69fedffc4c589bee458e3ac3d53,512,768,10.0,8,100047078,0.020833333333333332,0.0,0.0,0.020833333333333332,0.004084877669811249,23.888208389282227,0.9518582224845886,13.17477798461914,0.18543460965156555,0.9418137073516846,23.886816024780273
swin_msssim_c32,MS-SSIM,05.png,10349e963c5c813d327852f82c1795fa4148d69fedffc4c589bee458e3ac3d53,512,768,10.0,9,100047079,0.020833333333333332,0.0,0.0,0.020833333333333332,0.004179263953119516,23.789003372192383,0.95097416639328,13.095749855041504,0.18774470686912537,0.9404942989349365,23.787647247314453
swin_msssim_c32,MS-SSIM,06.png,363510303b715d4cbc384e1ce227e466b613a09e1b71ae985882bf8e7fbd9b18,512,768,10.0,0,100057070,0.020833333333333332,0.0,0.0,0.020833333333333332,0.0026073928456753492,25.837936401367188,0.9609901309013367,14.088254928588867,0.23378627002239227,0.9527086019515991,25.835771560668945
swin_msssim_c32,MS-SSIM,06.png,363510303b715d4cbc384e1ce227e466b613a09e1b71ae985882bf8e7fbd9b18,512,768,10.0,1,100057071,0.020833333333333332,0.0,0.0,0.020833333333333332,0.0025728652253746986,25.895832061767578,0.9611121416091919,14.101860046386719,0.23035098612308502,0.9530925154685974,25.89345932006836
swin_msssim_c32,MS-SSIM,06.png,363510303b715d4cbc384e1ce227e466b613a09e1b71ae985882bf8e7fbd9b18,512,768,10.0,2,100057072,0.020833333333333332,0.0,0.0,0.020833333333333332,0.0025493979919701815,25.935623168945312,0.9615318179130554,14.1489839553833,0.22733575105667114,0.9537188410758972,25.933439254760742
swin_msssim_c32,MS-SSIM,06.png,363510303b715d4cbc384e1ce227e466b613a09e1b71ae985882bf8e7fbd9b18,512,768,10.0,3,100057073,0.020833333333333332,0.0,0.0,0.020833333333333332,0.0026064577978104353,25.839492797851562,0.961411714553833,14.135445594787598,0.22735953330993652,0.9535096883773804,25.83725357055664
swin_msssim_c32,MS-SSIM,06.png,363510303b715d4cbc384e1ce227e466b613a09e1b71ae985882bf8e7fbd9b18,512,768,10.0,4,100057074,0.020833333333333332,0.0,0.0,0.020833333333333332,0.002621351508423686,25.814746856689453,0.961044192314148,14.094278335571289,0.23397117853164673,0.9529621601104736,25.812828063964844
swin_msssim_c32,MS-SSIM,06.png,363510303b715d4cbc384e1ce227e466b613a09e1b71ae985882bf8e7fbd9b18,512,768,10.0,5,100057075,0.020833333333333332,0.0,0.0,0.020833333333333332,0.002576561411842704,25.88959503173828,0.9613552093505859,14.129091262817383,0.2297157496213913,0.9533831477165222,25.887346267700195
swin_msssim_c32,MS-SSIM,06.png,363510303b715d4cbc384e1ce227e466b613a09e1b71ae985882bf8e7fbd9b18,512,768,10.0,6,100057076,0.020833333333333332,0.0,0.0,0.020833333333333332,0.002568139461800456,25.9038143157959,0.9612178802490234,14.11368465423584,0.23087988793849945,0.953000545501709,25.901630401611328
swin_msssim_c32,MS-SSIM,06.png,363510303b715d4cbc384e1ce227e466b613a09e1b71ae985882bf8e7fbd9b18,512,768,10.0,7,100057077,0.020833333333333332,0.0,0.0,0.020833333333333332,0.0025730303023010492,25.895549774169922,0.9608857035636902,14.076644897460938,0.22947907447814941,0.952754020690918,25.89352035522461
swin_msssim_c32,MS-SSIM,06.png,363510303b715d4cbc384e1ce227e466b613a09e1b71ae985882bf8e7fbd9b18,512,768,10.0,8,100057078,0.020833333333333332,0.0,0.0,0.020833333333333332,0.0025829279329627752,25.878877639770508,0.9608759880065918,14.075566291809082,0.23230919241905212,0.9526820182800293,25.877111434936523
swin_msssim_c32,MS-SSIM,06.png,363510303b715d4cbc384e1ce227e466b613a09e1b71ae985882bf8e7fbd9b18,512,768,10.0,9,100057079,0.020833333333333332,0.0,0.0,0.020833333333333332,0.0025827111676335335,25.879241943359375,0.9612852931022644,14.121240615844727,0.22891485691070557,0.9532807469367981,25.87738800048828
swin_msssim_c32,MS-SSIM,07.png,b77d3f006f42414bb242222e0482e750c0fb9e5ee8d4bed2f6f11c5605fe54a4,512,768,10.0,0,100067070,0.020833333333333332,0.0,0.0,0.020833333333333332,0.001045744284056127,29.80574607849121,0.9841117858886719,17.98925018310547,0.11300626397132874,0.9803335666656494,29.80052947998047
swin_msssim_c32,MS-SSIM,07.png,b77d3f006f42414bb242222e0482e750c0fb9e5ee8d4bed2f6f11c5605fe54a4,512,768,10.0,1,100067071,0.020833333333333332,0.0,0.0,0.020833333333333332,0.0010528655257076025,29.77627182006836,0.9843010306358337,18.041288375854492,0.1144462525844574,0.980700671672821,29.77109146118164
swin_msssim_c32,MS-SSIM,07.png,b77d3f006f42414bb242222e0482e750c0fb9e5ee8d4bed2f6f11c5605fe54a4,512,768,10.0,2,100067072,0.020833333333333332,0.0,0.0,0.020833333333333332,0.0010452860733494163,29.807647705078125,0.984371542930603,18.06083869934082,0.11288928240537643,0.9807230830192566,29.802322387695312
swin_msssim_c32,MS-SSIM,07.png,b77d3f006f42414bb242222e0482e750c0fb9e5ee8d4bed2f6f11c5605fe54a4,512,768,10.0,3,100067073,0.020833333333333332,0.0,0.0,0.020833333333333332,0.0010271649807691574,29.88359832763672,0.9841262102127075,17.993194580078125,0.11329028755426407,0.9804434776306152,29.87806510925293
swin_msssim_c32,MS-SSIM,07.png,b77d3f006f42414bb242222e0482e750c0fb9e5ee8d4bed2f6f11c5605fe54a4,512,768,10.0,4,100067074,0.020833333333333332,0.0,0.0,0.020833333333333332,0.001056005829013884,29.763336181640625,0.9841493964195251,17.999542236328125,0.11612160503864288,0.9804912209510803,29.7584171295166
swin_msssim_c32,MS-SSIM,07.png,b77d3f006f42414bb242222e0482e750c0fb9e5ee8d4bed2f6f11c5605fe54a4,512,768,10.0,5,100067075,0.020833333333333332,0.0,0.0,0.020833333333333332,0.0010391221148893237,29.833335876464844,0.9843161106109619,18.04546356201172,0.11316777765750885,0.980675220489502,29.827775955200195
swin_msssim_c32,MS-SSIM,07.png,b77d3f006f42414bb242222e0482e750c0fb9e5ee8d4bed2f6f11c5605fe54a4,512,768,10.0,6,100067076,0.020833333333333332,0.0,0.0,0.020833333333333332,0.001052588690072298,29.77741241455078,0.9840309619903564,17.967212677001953,0.11270707845687866,0.9802504777908325,29.77239990234375
swin_msssim_c32,MS-SSIM,07.png,b77d3f006f42414bb242222e0482e750c0fb9e5ee8d4bed2f6f11c5605fe54a4,512,768,10.0,7,100067077,0.020833333333333332,0.0,0.0,0.020833333333333332,0.0010457828175276518,29.805583953857422,0.9842095375061035,18.01605224609375,0.11320813000202179,0.9805085062980652,29.799718856811523
swin_msssim_c32,MS-SSIM,07.png,b77d3f006f42414bb242222e0482e750c0fb9e5ee8d4bed2f6f11c5605fe54a4,512,768,10.0,8,100067078,0.020833333333333332,0.0,0.0,0.020833333333333332,0.0010339514119550586,29.85500144958496,0.9841412305831909,17.997304916381836,0.11362352222204208,0.9804573059082031,29.849822998046875
swin_msssim_c32,MS-SSIM,07.png,b77d3f006f42414bb242222e0482e750c0fb9e5ee8d4bed2f6f11c5605fe54a4,512,768,10.0,9,100067079,0.020833333333333332,0.0,0.0,0.020833333333333332,0.0010421645129099488,29.820636749267578,0.9841626882553101,18.003185272216797,0.1127329096198082,0.98048335313797,29.815448760986328
swin_msssim_c32,MS-SSIM,08.png,ba23983c76b4832ee0e8af0592664756841a16779acd69f792e268fb6d13d6e7,512,768,10.0,0,100077070,0.020833333333333332,0.0,0.0,0.020833333333333332,0.005398561712354422,22.677221298217773,0.9646322131156921,14.513920783996582,0.2144453376531601,0.9576308131217957,22.67613410949707
swin_msssim_c32,MS-SSIM,08.png,ba23983c76b4832ee0e8af0592664756841a16779acd69f792e268fb6d13d6e7,512,768,10.0,1,100077071,0.020833333333333332,0.0,0.0,0.020833333333333332,0.0054420181550085545,22.64240074157715,0.9643779993057251,14.482817649841309,0.2145351767539978,0.9573386907577515,22.6414794921875
swin_msssim_c32,MS-SSIM,08.png,ba23983c76b4832ee0e8af0592664756841a16779acd69f792e268fb6d13d6e7,512,768,10.0,2,100077072,0.020833333333333332,0.0,0.0,0.020833333333333332,0.005401467904448509,22.674882888793945,0.9644150733947754,14.48733901977539,0.21792592108249664,0.9573653936386108,22.673978805541992
swin_msssim_c32,MS-SSIM,08.png,ba23983c76b4832ee0e8af0592664756841a16779acd69f792e268fb6d13d6e7,512,768,10.0,3,100077073,0.020833333333333332,0.0,0.0,0.020833333333333332,0.005415693856775761,22.66345977783203,0.964558482170105,14.504877090454102,0.21375365555286407,0.9576321244239807,22.66229820251465
swin_msssim_c32,MS-SSIM,08.png,ba23983c76b4832ee0e8af0592664756841a16779acd69f792e268fb6d13d6e7,512,768,10.0,4,100077074,0.020833333333333332,0.0,0.0,0.020833333333333332,0.00547750061377883,22.61417579650879,0.9638515710830688,14.419106483459473,0.21550016105175018,0.9566320180892944,22.61319923400879
swin_msssim_c32,MS-SSIM,08.png,ba23983c76b4832ee0e8af0592664756841a16779acd69f792e268fb6d13d6e7,512,768,10.0,5,100077075,0.020833333333333332,0.0,0.0,0.020833333333333332,0.005346084013581276,22.719642639160156,0.9641212224960327,14.451623916625977,0.21858489513397217,0.956774890422821,22.718730926513672
swin_msssim_c32,MS-SSIM,08.png,ba23983c76b4832ee0e8af0592664756841a16779acd69f792e268fb6d13d6e7,512,768,10.0,6,100077076,0.020833333333333332,0.0,0.0,0.020833333333333332,0.005423108581453562,22.65751838684082,0.9646477699279785,14.515832901000977,0.21687059104442596,0.9577513337135315,22.656574249267578
swin_msssim_c32,MS-SSIM,08.png,ba23983c76b4832ee0e8af0592664756841a16779acd69f792e268fb6d13d6e7,512,768,10.0,7,100077077,0.020833333333333332,0.0,0.0,0.020833333333333332,0.005565533880144358,22.544933319091797,0.9641399383544922,14.453889846801758,0.2189786285161972,0.9569931030273438,22.543840408325195
swin_msssim_c32,MS-SSIM,08.png,ba23983c76b4832ee0e8af0592664756841a16779acd69f792e268fb6d13d6e7,512,768,10.0,8,100077078,0.020833333333333332,0.0,0.0,0.020833333333333332,0.005369909107685089,22.70033073425293,0.964368999004364,14.481719970703125,0.21432889997959137,0.9572885036468506,22.699508666992188
swin_msssim_c32,MS-SSIM,08.png,ba23983c76b4832ee0e8af0592664756841a16779acd69f792e268fb6d13d6e7,512,768,10.0,9,100077079,0.020833333333333332,0.0,0.0,0.020833333333333332,0.005432561039924622,22.649953842163086,0.9643405675888062,14.478256225585938,0.21489176154136658,0.9573474526405334,22.64885711669922
swin_msssim_c32,MS-SSIM,09.png,6a4361c2fc194feb4edaa9f9a4a0620fb9943e460ac7fdf037fb0f6dd6607a7d,768,512,10.0,0,100087070,0.020833333333333332,0.0,0.0,0.020833333333333332,0.0008483685087412596,30.714157104492188,0.9830267429351807,17.702348709106445,0.20668184757232666,0.9795079231262207,30.70793914794922
swin_msssim_c32,MS-SSIM,09.png,6a4361c2fc194feb4edaa9f9a4a0620fb9943e460ac7fdf037fb0f6dd6607a7d,768,512,10.0,1,100087071,0.020833333333333332,0.0,0.0,0.020833333333333332,0.0008569045457988977,30.670677185058594,0.9830894470214844,17.718421936035156,0.20935937762260437,0.9795651435852051,30.66440200805664
swin_msssim_c32,MS-SSIM,09.png,6a4361c2fc194feb4edaa9f9a4a0620fb9943e460ac7fdf037fb0f6dd6607a7d,768,512,10.0,2,100087072,0.020833333333333332,0.0,0.0,0.020833333333333332,0.0008547164034098387,30.681779861450195,0.9830602407455444,17.710927963256836,0.20989453792572021,0.9794961214065552,30.674724578857422
swin_msssim_c32,MS-SSIM,09.png,6a4361c2fc194feb4edaa9f9a4a0620fb9943e460ac7fdf037fb0f6dd6607a7d,768,512,10.0,3,100087073,0.020833333333333332,0.0,0.0,0.020833333333333332,0.0008468902669847012,30.721729278564453,0.9828981757164001,17.66957664489746,0.20930758118629456,0.9793391823768616,30.715272903442383
swin_msssim_c32,MS-SSIM,09.png,6a4361c2fc194feb4edaa9f9a4a0620fb9943e460ac7fdf037fb0f6dd6607a7d,768,512,10.0,4,100087074,0.020833333333333332,0.0,0.0,0.020833333333333332,0.000858269922900945,30.663759231567383,0.9830783605575562,17.715576171875,0.2085559368133545,0.9795544743537903,30.657066345214844
swin_msssim_c32,MS-SSIM,09.png,6a4361c2fc194feb4edaa9f9a4a0620fb9943e460ac7fdf037fb0f6dd6607a7d,768,512,10.0,5,100087075,0.020833333333333332,0.0,0.0,0.020833333333333332,0.0008531305938959122,30.68984603881836,0.983076274394989,17.71504020690918,0.20774106681346893,0.9795801043510437,30.68332290649414
swin_msssim_c32,MS-SSIM,09.png,6a4361c2fc194feb4edaa9f9a4a0620fb9943e460ac7fdf037fb0f6dd6607a7d,768,512,10.0,6,100087076,0.020833333333333332,0.0,0.0,0.020833333333333332,0.000849771371576935,30.706979751586914,0.9830085635185242,17.69769859313965,0.20944051444530487,0.9794314503669739,30.69993019104004
swin_msssim_c32,MS-SSIM,09.png,6a4361c2fc194feb4edaa9f9a4a0620fb9943e460ac7fdf037fb0f6dd6607a7d,768,512,10.0,7,100087077,0.020833333333333332,0.0,0.0,0.020833333333333332,0.0008567845798097551,30.671283721923828,0.9829175472259521,17.67449951171875,0.21131624281406403,0.9793610572814941,30.66482162475586
swin_msssim_c32,MS-SSIM,09.png,6a4361c2fc194feb4edaa9f9a4a0620fb9943e460ac7fdf037fb0f6dd6607a7d,768,512,10.0,8,100087078,0.020833333333333332,0.0,0.0,0.020833333333333332,0.0008499834802933037,30.705894470214844,0.9830985069274902,17.720748901367188,0.2080780565738678,0.9796124696731567,30.699264526367188
swin_msssim_c32,MS-SSIM,09.png,6a4361c2fc194feb4edaa9f9a4a0620fb9943e460ac7fdf037fb0f6dd6607a7d,768,512,10.0,9,100087079,0.020833333333333332,0.0,0.0,0.020833333333333332,0.0008403284591622651,30.755510330200195,0.9830609560012817,17.711111068725586,0.20925381779670715,0.9795644283294678,30.748790740966797
swin_msssim_c32,MS-SSIM,10.png,9dfb70f5867c29ff9ed6313683f19b3d867849e40fbc0c4c54a4a89df341cf23,768,512,10.0,0,100097070,0.020833333333333332,0.0,0.0,0.020833333333333332,0.0009183204965665936,30.370059967041016,0.9818322062492371,17.406978607177734,0.15971967577934265,0.9779242873191833,30.363590240478516
swin_msssim_c32,MS-SSIM,10.png,9dfb70f5867c29ff9ed6313683f19b3d867849e40fbc0c4c54a4a89df341cf23,768,512,10.0,1,100097071,0.020833333333333332,0.0,0.0,0.020833333333333332,0.0009638358606025577,30.159969329833984,0.9817614555358887,17.390098571777344,0.16088718175888062,0.9778004884719849,30.154457092285156
swin_msssim_c32,MS-SSIM,10.png,9dfb70f5867c29ff9ed6313683f19b3d867849e40fbc0c4c54a4a89df341cf23,768,512,10.0,2,100097072,0.020833333333333332,0.0,0.0,0.020833333333333332,0.0009517627186141908,30.21471405029297,0.9816992282867432,17.37530517578125,0.1619824320077896,0.977708101272583,30.209487915039062
swin_msssim_c32,MS-SSIM,10.png,9dfb70f5867c29ff9ed6313683f19b3d867849e40fbc0c4c54a4a89df341cf23,768,512,10.0,3,100097073,0.020833333333333332,0.0,0.0,0.020833333333333332,0.0009387139580212533,30.274667739868164,0.9818856120109558,17.419763565063477,0.15784071385860443,0.9779583215713501,30.268800735473633
swin_msssim_c32,MS-SSIM,10.png,9dfb70f5867c29ff9ed6313683f19b3d867849e40fbc0c4c54a4a89df341cf23,768,512,10.0,4,100097074,0.020833333333333332,0.0,0.0,0.020833333333333332,0.0009364599827677011,30.28510856628418,0.981644868850708,17.362424850463867,0.16149215400218964,0.9776663780212402,30.279226303100586
swin_msssim_c32,MS-SSIM,10.png,9dfb70f5867c29ff9ed6313683f19b3d867849e40fbc0c4c54a4a89df341cf23,768,512,10.0,5,100097075,0.020833333333333332,0.0,0.0,0.020833333333333332,0.0009335693321190774,30.29853630065918,0.9818671941757202,17.41534996032715,0.1599610149860382,0.97791987657547,30.29242706298828
swin_msssim_c32,MS-SSIM,10.png,9dfb70f5867c29ff9ed6313683f19b3d867849e40fbc0c4c54a4a89df341cf23,768,512,10.0,6,100097076,0.020833333333333332,0.0,0.0,0.020833333333333332,0.00094883848214522,30.228078842163086,0.9818699359893799,17.41600799560547,0.16065751016139984,0.9779500961303711,30.222042083740234
swin_msssim_c32,MS-SSIM,10.png,9dfb70f5867c29ff9ed6313683f19b3d867849e40fbc0c4c54a4a89df341cf23,768,512,10.0,7,100097077,0.020833333333333332,0.0,0.0,0.020833333333333332,0.0009301618556492031,30.314416885375977,0.9819431304931641,17.433576583862305,0.15822209417819977,0.9780178666114807,30.308658599853516
swin_msssim_c32,MS-SSIM,10.png,9dfb70f5867c29ff9ed6313683f19b3d867849e40fbc0c4c54a4a89df341cf23,768,512,10.0,8,100097078,0.020833333333333332,0.0,0.0,0.020833333333333332,0.0009331008768640459,30.30071449279785,0.9818031787872314,17.40004539489746,0.15823866426944733,0.9778699278831482,30.294326782226562
swin_msssim_c32,MS-SSIM,10.png,9dfb70f5867c29ff9ed6313683f19b3d867849e40fbc0c4c54a4a89df341cf23,768,512,10.0,9,100097079,0.020833333333333332,0.0,0.0,0.020833333333333332,0.0009057670831680298,30.42983627319336,0.9818486571311951,17.410911560058594,0.16048622131347656,0.9778814911842346,30.423912048339844
swin_msssim_c32,MS-SSIM,11.png,7936814b58b5387fce2e4e2488b4ec830dadd95fa9520f358ddb30990b50f2b6,512,768,10.0,0,100107070,0.020833333333333332,0.0,0.0,0.020833333333333332,0.0019940354395657778,27.002670288085938,0.9649277925491333,14.550370216369629,0.2523706257343292,0.9576268792152405,26.99996566772461
swin_msssim_c32,MS-SSIM,11.png,7936814b58b5387fce2e4e2488b4ec830dadd95fa9520f358ddb30990b50f2b6,512,768,10.0,1,100107071,0.020833333333333332,0.0,0.0,0.020833333333333332,0.0019986445549875498,26.992645263671875,0.964544415473938,14.503153800964355,0.25263628363609314,0.9568933248519897,26.99001121520996
swin_msssim_c32,MS-SSIM,11.png,7936814b58b5387fce2e4e2488b4ec830dadd95fa9520f358ddb30990b50f2b6,512,768,10.0,2,100107072,0.020833333333333332,0.0,0.0,0.020833333333333332,0.0019929823465645313,27.00496482849121,0.9646633863449097,14.51775074005127,0.25250038504600525,0.9572591185569763,27.001880645751953
swin_msssim_c32,MS-SSIM,11.png,7936814b58b5387fce2e4e2488b4ec830dadd95fa9520f358ddb30990b50f2b6,512,768,10.0,3,100107073,0.020833333333333332,0.0,0.0,0.020833333333333332,0.0019770499784499407,27.039823532104492,0.9649624228477478,14.554658889770508,0.25202494859695435,0.9576985836029053,27.03676414489746
swin_msssim_c32,MS-SSIM,11.png,7936814b58b5387fce2e4e2488b4ec830dadd95fa9520f358ddb30990b50f2b6,512,768,10.0,4,100107074,0.020833333333333332,0.0,0.0,0.020833333333333332,0.002002520253881812,26.98423194885254,0.9650726318359375,14.568342208862305,0.24999834597110748,0.9578415155410767,26.981489181518555
swin_msssim_c32,MS-SSIM,11.png,7936814b58b5387fce2e4e2488b4ec830dadd95fa9520f358ddb30990b50f2b6,512,768,10.0,5,100107075,0.020833333333333332,0.0,0.0,0.020833333333333332,0.001987044932320714,27.017921447753906,0.9645677804946899,14.506016731262207,0.25590333342552185,0.9571203589439392,27.015148162841797
swin_msssim_c32,MS-SSIM,11.png,7936814b58b5387fce2e4e2488b4ec830dadd95fa9520f358ddb30990b50f2b6,512,768,10.0,6,100107076,0.020833333333333332,0.0,0.0,0.020833333333333332,0.002006438560783863,26.97574234008789,0.9646952152252197,14.521665573120117,0.2564598619937897,0.9573842287063599,26.97303581237793
swin_msssim_c32,MS-SSIM,11.png,7936814b58b5387fce2e4e2488b4ec830dadd95fa9520f358ddb30990b50f2b6,512,768,10.0,7,100107077,0.020833333333333332,0.0,0.0,0.020833333333333332,0.002004474401473999,26.979995727539062,0.9646210074424744,14.51254653930664,0.256784588098526,0.9571911096572876,26.977062225341797
swin_msssim_c32,MS-SSIM,11.png,7936814b58b5387fce2e4e2488b4ec830dadd95fa9520f358ddb30990b50f2b6,512,768,10.0,8,100107078,0.020833333333333332,0.0,0.0,0.020833333333333332,0.0019902789499610662,27.010860443115234,0.9646586775779724,14.517172813415527,0.25230979919433594,0.9572434425354004,27.007829666137695
swin_msssim_c32,MS-SSIM,11.png,7936814b58b5387fce2e4e2488b4ec830dadd95fa9520f358ddb30990b50f2b6,512,768,10.0,9,100107079,0.020833333333333332,0.0,0.0,0.020833333333333332,0.002009937772527337,26.96817398071289,0.9647154211997986,14.524150848388672,0.2568511664867401,0.9573878049850464,26.96527862548828
swin_msssim_c32,MS-SSIM,12.png,d78c37c2f04f23761ed2367dd77e2db584ddd4c3950833fecf89f199a8126980,512,768,10.0,0,100117070,0.020833333333333332,0.0,0.0,0.020833333333333332,0.0008751869900152087,30.57899284362793,0.9778303503990173,16.54241180419922,0.18115432560443878,0.9732410311698914,30.572174072265625
swin_msssim_c32,MS-SSIM,12.png,d78c37c2f04f23761ed2367dd77e2db584ddd4c3950833fecf89f199a8126980,512,768,10.0,1,100117071,0.020833333333333332,0.0,0.0,0.020833333333333332,0.000862084561958909,30.644502639770508,0.9779908061027527,16.573959350585938,0.179729625582695,0.9735170602798462,30.637805938720703
swin_msssim_c32,MS-SSIM,12.png,d78c37c2f04f23761ed2367dd77e2db584ddd4c3950833fecf89f199a8126980,512,768,10.0,2,100117072,0.020833333333333332,0.0,0.0,0.020833333333333332,0.0008583241142332554,30.663488388061523,0.9779514074325562,16.566192626953125,0.17919199168682098,0.9734019041061401,30.656681060791016
swin_msssim_c32,MS-SSIM,12.png,d78c37c2f04f23761ed2367dd77e2db584ddd4c3950833fecf89f199a8126980,512,768,10.0,3,100117073,0.020833333333333332,0.0,0.0,0.020833333333333332,0.0008550559286959469,30.680055618286133,0.9779293537139893,16.56184959411621,0.18017037212848663,0.973411500453949,30.67327880859375
swin_msssim_c32,MS-SSIM,12.png,d78c37c2f04f23761ed2367dd77e2db584ddd4c3950833fecf89f199a8126980,512,768,10.0,4,100117074,0.020833333333333332,0.0,0.0,0.020833333333333332,0.0008697042940184474,30.606285095214844,0.9778141975402832,16.539247512817383,0.18089033663272858,0.9732445478439331,30.59984016418457
swin_msssim_c32,MS-SSIM,12.png,d78c37c2f04f23761ed2367dd77e2db584ddd4c3950833fecf89f199a8126980,512,768,10.0,5,100117075,0.020833333333333332,0.0,0.0,0.020833333333333332,0.000850268523208797,30.704439163208008,0.9780492782592773,16.585512161254883,0.17842146754264832,0.9735641479492188,30.69828987121582
swin_msssim_c32,MS-SSIM,12.png,d78c37c2f04f23761ed2367dd77e2db584ddd4c3950833fecf89f199a8126980,512,768,10.0,6,100117076,0.020833333333333332,0.0,0.0,0.020833333333333332,0.0008587756310589612,30.661203384399414,0.9778246879577637,16.541303634643555,0.18050596117973328,0.9731717705726624,30.654502868652344
swin_msssim_c32,MS-SSIM,12.png,d78c37c2f04f23761ed2367dd77e2db584ddd4c3950833fecf89f199a8126980,512,768,10.0,7,100117077,0.020833333333333332,0.0,0.0,0.020833333333333332,0.0008590767392888665,30.659679412841797,0.978011965751648,16.578136444091797,0.17706632614135742,0.9734509587287903,30.653186798095703
swin_msssim_c32,MS-SSIM,12.png,d78c37c2f04f23761ed2367dd77e2db584ddd4c3950833fecf89f199a8126980,512,768,10.0,8,100117078,0.020833333333333332,0.0,0.0,0.020833333333333332,0.0008523910655640066,30.69361114501953,0.9779853224754333,16.572877883911133,0.1805967092514038,0.9734673500061035,30.686595916748047
swin_msssim_c32,MS-SSIM,12.png,d78c37c2f04f23761ed2367dd77e2db584ddd4c3950833fecf89f199a8126980,512,768,10.0,9,100117079,0.020833333333333332,0.0,0.0,0.020833333333333332,0.000870572286657989,30.60195541381836,0.9780135154724121,16.57844352722168,0.17773304879665375,0.9735221862792969,30.59576416015625
swin_msssim_c32,MS-SSIM,13.png,bc34a3ce58dea09dce1704c997171602de90cb34d0c8503a988b77f473d39b08,512,768,10.0,0,100127070,0.020833333333333332,0.0,0.0,0.020833333333333332,0.007156007923185825,21.453292846679688,0.924342155456543,11.211461067199707,0.415031760931015,0.9092592597007751,21.452648162841797
swin_msssim_c32,MS-SSIM,13.png,bc34a3ce58dea09dce1704c997171602de90cb34d0c8503a988b77f473d39b08,512,768,10.0,1,100127071,0.020833333333333332,0.0,0.0,0.020833333333333332,0.007172323763370514,21.443403244018555,0.9247126579284668,11.232780456542969,0.4166526794433594,0.9101792573928833,21.44258689880371
swin_msssim_c32,MS-SSIM,13.png,bc34a3ce58dea09dce1704c997171602de90cb34d0c8503a988b77f473d39b08,512,768,10.0,2,100127072,0.020833333333333332,0.0,0.0,0.020833333333333332,0.0072639635764062405,21.388263702392578,0.9228577613830566,11.127077102661133,0.4146246612071991,0.9070744514465332,21.387479782104492
swin_msssim_c32,MS-SSIM,13.png,bc34a3ce58dea09dce1704c997171602de90cb34d0c8503a988b77f473d39b08,512,768,10.0,3,100127073,0.020833333333333332,0.0,0.0,0.020833333333333332,0.0071685039438307285,21.445714950561523,0.9244000911712646,11.214788436889648,0.41364607214927673,0.9094555377960205,21.44498634338379
swin_msssim_c32,MS-SSIM,13.png,bc34a3ce58dea09dce1704c997171602de90cb34d0c8503a988b77f473d39b08,512,768,10.0,4,100127074,0.020833333333333332,0.0,0.0,0.020833333333333332,0.007187055889517069,21.43448829650879,0.9240224361419678,11.193146705627441,0.4122193455696106,0.9087870121002197,21.43377685546875
swin_msssim_c32,MS-SSIM,13.png,bc34a3ce58dea09dce1704c997171602de90cb34d0c8503a988b77f473d39b08,512,768,10.0,5,100127075,0.020833333333333332,0.0,0.0,0.020833333333333332,0.007311374880373478,21.36001205444336,0.9241992831230164,11.203268051147461,0.41171926259994507,0.909089982509613,21.35912322998047
swin_msssim_c32,MS-SSIM,13.png,bc34a3ce58dea09dce1704c997171602de90cb34d0c8503a988b77f473d39b08,512,768,10.0,6,100127076,0.020833333333333332,0.0,0.0,0.020833333333333332,0.007188466843217611,21.433637619018555,0.9236572980880737,11.172325134277344,0.41029950976371765,0.9083670377731323,21.433019638061523
swin_msssim_c32,MS-SSIM,13.png,bc34a3ce58dea09dce1704c997171602de90cb34d0c8503a988b77f473d39b08,512,768,10.0,7,100127077,0.020833333333333332,0.0,0.0,0.020833333333333332,0.0072342935018241405,21.40604019165039,0.924423336982727,11.216123580932617,0.4113960862159729,0.9097613096237183,21.405317306518555
swin_msssim_c32,MS-SSIM,13.png,bc34a3ce58dea09dce1704c997171602de90cb34d0c8503a988b77f473d39b08,512,768,10.0,8,100127078,0.020833333333333332,0.0,0.0,0.020833333333333332,0.007218168117105961,21.41573143005371,0.9241514205932617,11.200525283813477,0.41234079003334045,0.9092873930931091,21.41506004333496
swin_msssim_c32,MS-SSIM,13.png,bc34a3ce58dea09dce1704c997171602de90cb34d0c8503a988b77f473d39b08,512,768,10.0,9,100127079,0.020833333333333332,0.0,0.0,0.020833333333333332,0.007252155803143978,21.395328521728516,0.9235731959342957,11.167543411254883,0.4186024069786072,0.9082616567611694,21.394554138183594
swin_msssim_c32,MS-SSIM,14.png,55a94550ff18f3246c4074fd32b77b0c74447c26b6ad274d564d999c0450ba6e,512,768,10.0,0,100137070,0.020833333333333332,0.0,0.0,0.020833333333333332,0.0025650791358202696,25.908992767333984,0.9529386758804321,13.273358345031738,0.2823624610900879,0.9431939125061035,25.90673828125
swin_msssim_c32,MS-SSIM,14.png,55a94550ff18f3246c4074fd32b77b0c74447c26b6ad274d564d999c0450ba6e,512,768,10.0,1,100137071,0.020833333333333332,0.0,0.0,0.020833333333333332,0.0025820089504122734,25.880422592163086,0.9529623985290527,13.275547981262207,0.2826008200645447,0.9431443810462952,25.878095626831055
swin_msssim_c32,MS-SSIM,14.png,55a94550ff18f3246c4074fd32b77b0c74447c26b6ad274d564d999c0450ba6e,512,768,10.0,2,100137072,0.020833333333333332,0.0,0.0,0.020833333333333332,0.0025399443693459034,25.951759338378906,0.9529323577880859,13.272775650024414,0.28123939037323,0.9431596398353577,25.949440002441406
swin_msssim_c32,MS-SSIM,14.png,55a94550ff18f3246c4074fd32b77b0c74447c26b6ad274d564d999c0450ba6e,512,768,10.0,3,100137073,0.020833333333333332,0.0,0.0,0.020833333333333332,0.0025450054090470076,25.943111419677734,0.9531345367431641,13.291472434997559,0.28449979424476624,0.9434686899185181,25.94121742248535
swin_msssim_c32,MS-SSIM,14.png,55a94550ff18f3246c4074fd32b77b0c74447c26b6ad274d564d999c0450ba6e,512,768,10.0,4,100137074,0.020833333333333332,0.0,0.0,0.020833333333333332,0.0025719571858644485,25.897361755371094,0.9527711868286133,13.257930755615234,0.28636443614959717,0.9429277777671814,25.895145416259766
swin_msssim_c32,MS-SSIM,14.png,55a94550ff18f3246c4074fd32b77b0c74447c26b6ad274d564d999c0450ba6e,512,768,10.0,5,100137075,0.020833333333333332,0.0,0.0,0.020833333333333332,0.0025524096563458443,25.930498123168945,0.9530593752861023,13.28451156616211,0.2838304340839386,0.9433054327964783,25.928428649902344
swin_msssim_c32,MS-SSIM,14.png,55a94550ff18f3246c4074fd32b77b0c74447c26b6ad274d564d999c0450ba6e,512,768,10.0,6,100137076,0.020833333333333332,0.0,0.0,0.020833333333333332,0.0025904097128659487,25.866315841674805,0.9523296356201172,13.21751594543457,0.28213149309158325,0.9422749280929565,25.864559173583984
swin_msssim_c32,MS-SSIM,14.png,55a94550ff18f3246c4074fd32b77b0c74447c26b6ad274d564d999c0450ba6e,512,768,10.0,7,100137077,0.020833333333333332,0.0,0.0,0.020833333333333332,0.0025684041902422905,25.903366088867188,0.9527742862701416,13.258214950561523,0.2769998013973236,0.9429277181625366,25.900920867919922
swin_msssim_c32,MS-SSIM,14.png,55a94550ff18f3246c4074fd32b77b0c74447c26b6ad274d564d999c0450ba6e,512,768,10.0,8,100137078,0.020833333333333332,0.0,0.0,0.020833333333333332,0.002568193944171071,25.903722763061523,0.9527961015701294,13.260222434997559,0.28188347816467285,0.9428638219833374,25.90151596069336
swin_msssim_c32,MS-SSIM,14.png,55a94550ff18f3246c4074fd32b77b0c74447c26b6ad274d564d999c0450ba6e,512,768,10.0,9,100137079,0.020833333333333332,0.0,0.0,0.020833333333333332,0.0025838410947471857,25.877342224121094,0.952955424785614,13.274904251098633,0.28673678636550903,0.9432932734489441,25.875165939331055
swin_msssim_c32,MS-SSIM,15.png,7538cbb80cb9103606c48b806eae57d56c885c7f90b9b3be70a41160f9cbb683,512,768,10.0,0,100147070,0.020833333333333332,0.0,0.0,0.020833333333333332,0.0013684950536116958,28.637569427490234,0.975355327129364,16.08277130126953,0.20044095814228058,0.970232367515564,28.63408088684082
swin_msssim_c32,MS-SSIM,15.png,7538cbb80cb9103606c48b806eae57d56c885c7f90b9b3be70a41160f9cbb683,512,768,10.0,1,100147071,0.020833333333333332,0.0,0.0,0.020833333333333332,0.0013864681823179126,28.580902099609375,0.975375771522522,16.08637237548828,0.20060402154922485,0.9702721834182739,28.577392578125
swin_msssim_c32,MS-SSIM,15.png,7538cbb80cb9103606c48b806eae57d56c885c7f90b9b3be70a41160f9cbb683,512,768,10.0,2,100147072,0.020833333333333332,0.0,0.0,0.020833333333333332,0.0013996632769703865,28.539764404296875,0.9754342436790466,16.096698760986328,0.2009410858154297,0.9703570604324341,28.536041259765625
swin_msssim_c32,MS-SSIM,15.png,7538cbb80cb9103606c48b806eae57d56c885c7f90b9b3be70a41160f9cbb683,512,768,10.0,3,100147073,0.020833333333333332,0.0,0.0,0.020833333333333332,0.0014058005763217807,28.520763397216797,0.975321888923645,16.076881408691406,0.20122939348220825,0.9701799154281616,28.516836166381836
swin_msssim_c32,MS-SSIM,15.png,7538cbb80cb9103606c48b806eae57d56c885c7f90b9b3be70a41160f9cbb683,512,768,10.0,4,100147074,0.020833333333333332,0.0,0.0,0.020833333333333332,0.001367599586956203,28.640411376953125,0.9754370450973511,16.09719467163086,0.1955988109111786,0.9703339338302612,28.636377334594727
swin_msssim_c32,MS-SSIM,15.png,7538cbb80cb9103606c48b806eae57d56c885c7f90b9b3be70a41160f9cbb683,512,768,10.0,5,100147075,0.020833333333333332,0.0,0.0,0.020833333333333332,0.0013821960892528296,28.594303131103516,0.9752885699272156,16.071022033691406,0.20143413543701172,0.9701363444328308,28.59009552001953
swin_msssim_c32,MS-SSIM,15.png,7538cbb80cb9103606c48b806eae57d56c885c7f90b9b3be70a41160f9cbb683,512,768,10.0,6,100147076,0.020833333333333332,0.0,0.0,0.020833333333333332,0.0013887296663597226,28.573822021484375,0.975692629814148,16.142620086669922,0.19727356731891632,0.9706998467445374,28.56998634338379
swin_msssim_c32,MS-SSIM,15.png,7538cbb80cb9103606c48b806eae57d56c885c7f90b9b3be70a41160f9cbb683,512,768,10.0,7,100147077,0.020833333333333332,0.0,0.0,0.020833333333333332,0.0014067307347431779,28.51789093017578,0.9751776456832886,16.051570892333984,0.19897285103797913,0.9698692560195923,28.513904571533203
swin_msssim_c32,MS-SSIM,15.png,7538cbb80cb9103606c48b806eae57d56c885c7f90b9b3be70a41160f9cbb683,512,768,10.0,8,100147078,0.020833333333333332,0.0,0.0,0.020833333333333332,0.0014232277171686292,28.467256546020508,0.975563645362854,16.11963653564453,0.19919100403785706,0.9705140590667725,28.4632568359375
swin_msssim_c32,MS-SSIM,15.png,7538cbb80cb9103606c48b806eae57d56c885c7f90b9b3be70a41160f9cbb683,512,768,10.0,9,100147079,0.020833333333333332,0.0,0.0,0.020833333333333332,0.001423260779120028,28.4671573638916,0.9755071401596069,16.10960578918457,0.20178675651550293,0.9704275727272034,28.462841033935547
swin_msssim_c32,MS-SSIM,16.png,a89c7268ccd4718ba424a99fc4643c572cf692ca6eae887185ceb4e9f11d2e54,512,768,10.0,0,100157070,0.020833333333333332,0.0,0.0,0.020833333333333332,0.0011601205915212631,29.354970932006836,0.9723578691482544,15.584285736083984,0.21737603843212128,0.9666488766670227,29.350528717041016
swin_msssim_c32,MS-SSIM,16.png,a89c7268ccd4718ba424a99fc4643c572cf692ca6eae887185ceb4e9f11d2e54,512,768,10.0,1,100157071,0.020833333333333332,0.0,0.0,0.020833333333333332,0.0011677797883749008,29.326391220092773,0.9723266959190369,15.579390525817871,0.22178201377391815,0.9666489362716675,29.322025299072266
swin_msssim_c32,MS-SSIM,16.png,a89c7268ccd4718ba424a99fc4643c572cf692ca6eae887185ceb4e9f11d2e54,512,768,10.0,2,100157072,0.020833333333333332,0.0,0.0,0.020833333333333332,0.0011613905662670732,29.3502197265625,0.972477376461029,15.603102684020996,0.21920940279960632,0.9667888283729553,29.34537696838379
swin_msssim_c32,MS-SSIM,16.png,a89c7268ccd4718ba424a99fc4643c572cf692ca6eae887185ceb4e9f11d2e54,512,768,10.0,3,100157073,0.020833333333333332,0.0,0.0,0.020833333333333332,0.001167324953712523,29.328081130981445,0.9724489450454712,15.598617553710938,0.22016215324401855,0.9667132496833801,29.32353973388672
swin_msssim_c32,MS-SSIM,16.png,a89c7268ccd4718ba424a99fc4643c572cf692ca6eae887185ceb4e9f11d2e54,512,768,10.0,4,100157074,0.020833333333333332,0.0,0.0,0.020833333333333332,0.0011761231580749154,29.295473098754883,0.9723184108734131,15.578089714050293,0.21767620742321014,0.9666149616241455,29.29070281982422
swin_msssim_c32,MS-SSIM,16.png,a89c7268ccd4718ba424a99fc4643c572cf692ca6eae887185ceb4e9f11d2e54,512,768,10.0,5,100157075,0.020833333333333332,0.0,0.0,0.020833333333333332,0.001179532497189939,29.282901763916016,0.9722943305969238,15.574313163757324,0.22155813872814178,0.9665154814720154,29.277957916259766
swin_msssim_c32,MS-SSIM,16.png,a89c7268ccd4718ba424a99fc4643c572cf692ca6eae887185ceb4e9f11d2e54,512,768,10.0,6,100157076,0.020833333333333332,0.0,0.0,0.020833333333333332,0.0011605573818087578,29.353334426879883,0.9722945690155029,15.57435131072998,0.21664761006832123,0.9665692448616028,29.348791122436523
swin_msssim_c32,MS-SSIM,16.png,a89c7268ccd4718ba424a99fc4643c572cf692ca6eae887185ceb4e9f11d2e54,512,768,10.0,7,100157077,0.020833333333333332,0.0,0.0,0.020833333333333332,0.0011679311282932758,29.325828552246094,0.972436785697937,15.596702575683594,0.21984240412712097,0.9667606353759766,29.32068634033203
swin_msssim_c32,MS-SSIM,16.png,a89c7268ccd4718ba424a99fc4643c572cf692ca6eae887185ceb4e9f11d2e54,512,768,10.0,8,100157078,0.020833333333333332,0.0,0.0,0.020833333333333332,0.0011857146164402366,29.26019859313965,0.9724909663200378,15.605247497558594,0.2213452011346817,0.9668388962745667,29.255369186401367
swin_msssim_c32,MS-SSIM,16.png,a89c7268ccd4718ba424a99fc4643c572cf692ca6eae887185ceb4e9f11d2e54,512,768,10.0,9,100157079,0.020833333333333332,0.0,0.0,0.020833333333333332,0.001163292909041047,29.343111038208008,0.9723789095878601,15.587592124938965,0.2220284640789032,0.9666726589202881,29.338245391845703
swin_msssim_c32,MS-SSIM,17.png,37afcc89fbdcb76d9518e04b2fc011027e2f4cd14b3b2f83cefd721641a47c5b,768,512,10.0,0,100167070,0.020833333333333332,0.0,0.0,0.020833333333333332,0.001076625077985227,29.67935562133789,0.9781086444854736,16.597272872924805,0.1771489977836609,0.9734266400337219,29.673912048339844
swin_msssim_c32,MS-SSIM,17.png,37afcc89fbdcb76d9518e04b2fc011027e2f4cd14b3b2f83cefd721641a47c5b,768,512,10.0,1,100167071,0.020833333333333332,0.0,0.0,0.020833333333333332,0.001047669444233179,29.79775619506836,0.9781918525695801,16.613811492919922,0.1762477159500122,0.9735389351844788,29.792423248291016
swin_msssim_c32,MS-SSIM,17.png,37afcc89fbdcb76d9518e04b2fc011027e2f4cd14b3b2f83cefd721641a47c5b,768,512,10.0,2,100167072,0.020833333333333332,0.0,0.0,0.020833333333333332,0.0010604789713397622,29.744979858398438,0.9781087636947632,16.59729766845703,0.17553967237472534,0.9733962416648865,29.739585876464844
swin_msssim_c32,MS-SSIM,17.png,37afcc89fbdcb76d9518e04b2fc011027e2f4cd14b3b2f83cefd721641a47c5b,768,512,10.0,3,100167073,0.020833333333333332,0.0,0.0,0.020833333333333332,0.0010676886886358261,29.71555519104004,0.9776735305786133,16.51180076599121,0.1745373010635376,0.9727105498313904,29.710426330566406
swin_msssim_c32,MS-SSIM,17.png,37afcc89fbdcb76d9518e04b2fc011027e2f4cd14b3b2f83cefd721641a47c5b,768,512,10.0,4,100167074,0.020833333333333332,0.0,0.0,0.020833333333333332,0.0010553391184657812,29.766080856323242,0.9781907796859741,16.61359977722168,0.17413844168186188,0.9735499024391174,29.761001586914062
swin_msssim_c32,MS-SSIM,17.png,37afcc89fbdcb76d9518e04b2fc011027e2f4cd14b3b2f83cefd721641a47c5b,768,512,10.0,5,100167075,0.020833333333333332,0.0,0.0,0.020833333333333332,0.001056612585671246,29.760845184326172,0.9784481525421143,16.6651554107666,0.17584018409252167,0.9738912582397461,29.755260467529297
swin_msssim_c32,MS-SSIM,17.png,37afcc89fbdcb76d9518e04b2fc011027e2f4cd14b3b2f83cefd721641a47c5b,768,512,10.0,6,100167076,0.020833333333333332,0.0,0.0,0.020833333333333332,0.001057546236552298,29.75700569152832,0.9779983758926392,16.57545280456543,0.17185533046722412,0.9732542634010315,29.751493453979492
swin_msssim_c32,MS-SSIM,17.png,37afcc89fbdcb76d9518e04b2fc011027e2f4cd14b3b2f83cefd721641a47c5b,768,512,10.0,7,100167077,0.020833333333333332,0.0,0.0,0.020833333333333332,0.0010712615912780166,29.7010440826416,0.9779443740844727,16.56480598449707,0.1757899969816208,0.9730375409126282,29.695907592773438
swin_msssim_c32,MS-SSIM,17.png,37afcc89fbdcb76d9518e04b2fc011027e2f4cd14b3b2f83cefd721641a47c5b,768,512,10.0,8,100167078,0.020833333333333332,0.0,0.0,0.020833333333333332,0.0010667305905371904,29.719451904296875,0.9781266450881958,16.600847244262695,0.17323684692382812,0.9733701944351196,29.7144718170166
swin_msssim_c32,MS-SSIM,17.png,37afcc89fbdcb76d9518e04b2fc011027e2f4cd14b3b2f83cefd721641a47c5b,768,512,10.0,9,100167079,0.020833333333333332,0.0,0.0,0.020833333333333332,0.001066418830305338,29.72072410583496,0.97808837890625,16.59325408935547,0.1736374944448471,0.9733852744102478,29.715539932250977
swin_msssim_c32,MS-SSIM,18.png,1a9258c365988961d87a0598725b609139c303ad48a5aad6c503c3b1a87849aa,768,512,10.0,0,100177070,0.020833333333333332,0.0,0.0,0.020833333333333332,0.0028996255714446306,25.37657928466797,0.9490662813186646,12.929945945739746,0.289966881275177,0.938215970993042,25.374881744384766
swin_msssim_c32,MS-SSIM,18.png,1a9258c365988961d87a0598725b609139c303ad48a5aad6c503c3b1a87849aa,768,512,10.0,1,100177071,0.020833333333333332,0.0,0.0,0.020833333333333332,0.002895989455282688,25.38203239440918,0.9492723345756531,12.947551727294922,0.291472852230072,0.9384865760803223,25.380361557006836
swin_msssim_c32,MS-SSIM,18.png,1a9258c365988961d87a0598725b609139c303ad48a5aad6c503c3b1a87849aa,768,512,10.0,2,100177072,0.020833333333333332,0.0,0.0,0.020833333333333332,0.0028965838719159365,25.38113784790039,0.9482795000076294,12.863373756408691,0.28768348693847656,0.9368953108787537,25.37921142578125
swin_msssim_c32,MS-SSIM,18.png,1a9258c365988961d87a0598725b609139c303ad48a5aad6c503c3b1a87849aa,768,512,10.0,3,100177073,0.020833333333333332,0.0,0.0,0.020833333333333332,0.002877688966691494,25.409563064575195,0.9493345022201538,12.952877044677734,0.2914142906665802,0.9387288689613342,25.40737533569336
swin_msssim_c32,MS-SSIM,18.png,1a9258c365988961d87a0598725b609139c303ad48a5aad6c503c3b1a87849aa,768,512,10.0,4,100177074,0.020833333333333332,0.0,0.0,0.020833333333333332,0.002888939343392849,25.392616271972656,0.9491761922836304,12.93932819366455,0.2915842831134796,0.9385337829589844,25.390626907348633
swin_msssim_c32,MS-SSIM,18.png,1a9258c365988961d87a0598725b609139c303ad48a5aad6c503c3b1a87849aa,768,512,10.0,5,100177075,0.020833333333333332,0.0,0.0,0.020833333333333332,0.0029169165063649416,25.35076141357422,0.9488121271133423,12.908329010009766,0.2945649027824402,0.9377797245979309,25.34870147705078
swin_msssim_c32,MS-SSIM,18.png,1a9258c365988961d87a0598725b609139c303ad48a5aad6c503c3b1a87849aa,768,512,10.0,6,100177076,0.020833333333333332,0.0,0.0,0.020833333333333332,0.002895704237744212,25.382457733154297,0.9491715431213379,12.93893051147461,0.28996142745018005,0.9385266304016113,25.38057518005371
swin_msssim_c32,MS-SSIM,18.png,1a9258c365988961d87a0598725b609139c303ad48a5aad6c503c3b1a87849aa,768,512,10.0,7,100177077,0.020833333333333332,0.0,0.0,0.020833333333333332,0.002914024982601404,25.35506820678711,0.9487645030021667,12.904291152954102,0.29066234827041626,0.9378147125244141,25.35324478149414
swin_msssim_c32,MS-SSIM,18.png,1a9258c365988961d87a0598725b609139c303ad48a5aad6c503c3b1a87849aa,768,512,10.0,8,100177078,0.020833333333333332,0.0,0.0,0.020833333333333332,0.002892401535063982,25.38741683959961,0.9492465257644653,12.945342063903809,0.292317271232605,0.9386458992958069,25.385629653930664
swin_msssim_c32,MS-SSIM,18.png,1a9258c365988961d87a0598725b609139c303ad48a5aad6c503c3b1a87849aa,768,512,10.0,9,100177079,0.020833333333333332,0.0,0.0,0.020833333333333332,0.002895405748859048,25.38290786743164,0.9497358798980713,12.987419128417969,0.2920960485935211,0.9393841624259949,25.3811092376709
swin_msssim_c32,MS-SSIM,19.png,b7450b264b1b0a411390d8931b112c27905a992520fc90569dc4b920aa32bbdc,768,512,10.0,0,100187070,0.020833333333333332,0.0,0.0,0.020833333333333332,0.0014537482056766748,28.375110626220703,0.9697312712669373,15.190058708190918,0.26372671127319336,0.9634507298469543,28.371536254882812
swin_msssim_c32,MS-SSIM,19.png,b7450b264b1b0a411390d8931b112c27905a992520fc90569dc4b920aa32bbdc,768,512,10.0,1,100187071,0.020833333333333332,0.0,0.0,0.020833333333333332,0.0014295896980911493,28.447885513305664,0.9696375131607056,15.176626205444336,0.2613005042076111,0.9632751941680908,28.44419288635254
swin_msssim_c32,MS-SSIM,19.png,b7450b264b1b0a411390d8931b112c27905a992520fc90569dc4b920aa32bbdc,768,512,10.0,2,100187072,0.020833333333333332,0.0,0.0,0.020833333333333332,0.0014468641020357609,28.39572525024414,0.9695565700531006,15.16506576538086,0.26651209592819214,0.9632297158241272,28.391826629638672
swin_msssim_c32,MS-SSIM,19.png,b7450b264b1b0a411390d8931b112c27905a992520fc90569dc4b920aa32bbdc,768,512,10.0,3,100187073,0.020833333333333332,0.0,0.0,0.020833333333333332,0.0014466788852587342,28.396278381347656,0.9693800210952759,15.139951705932617,0.264893501996994,0.9630312323570251,28.392732620239258
swin_msssim_c32,MS-SSIM,19.png,b7450b264b1b0a411390d8931b112c27905a992520fc90569dc4b920aa32bbdc,768,512,10.0,4,100187074,0.020833333333333332,0.0,0.0,0.020833333333333332,0.0014780067140236497,28.303237915039062,0.9696706533432007,15.18136978149414,0.2685084640979767,0.9633069038391113,28.299667358398438
swin_msssim_c32,MS-SSIM,19.png,b7450b264b1b0a411390d8931b112c27905a992520fc90569dc4b920aa32bbdc,768,512,10.0,5,100187075,0.020833333333333332,0.0,0.0,0.020833333333333332,0.0014240554301068187,28.464733123779297,0.969698429107666,15.185348510742188,0.26642727851867676,0.963403046131134,28.460445404052734
swin_msssim_c32,MS-SSIM,19.png,b7450b264b1b0a411390d8931b112c27905a992520fc90569dc4b920aa32bbdc,768,512,10.0,6,100187076,0.020833333333333332,0.0,0.0,0.020833333333333332,0.0014233662514016032,28.466833114624023,0.9697990417480469,15.199793815612793,0.26253876090049744,0.9635283350944519,28.462966918945312
swin_msssim_c32,MS-SSIM,19.png,b7450b264b1b0a411390d8931b112c27905a992520fc90569dc4b920aa32bbdc,768,512,10.0,7,100187077,0.020833333333333332,0.0,0.0,0.020833333333333332,0.0014654052210971713,28.340423583984375,0.9694885015487671,15.155364990234375,0.2664696276187897,0.9630870819091797,28.33645248413086
swin_msssim_c32,MS-SSIM,19.png,b7450b264b1b0a411390d8931b112c27905a992520fc90569dc4b920aa32bbdc,768,512,10.0,8,100187078,0.020833333333333332,0.0,0.0,0.020833333333333332,0.0014425289118662477,28.408756256103516,0.9698904752731323,15.212961196899414,0.26090168952941895,0.9635974764823914,28.40467643737793
swin_msssim_c32,MS-SSIM,19.png,b7450b264b1b0a411390d8931b112c27905a992520fc90569dc4b920aa32bbdc,768,512,10.0,9,100187079,0.020833333333333332,0.0,0.0,0.020833333333333332,0.00142588559538126,28.459152221679688,0.9696593284606934,15.17974853515625,0.26155319809913635,0.9633435606956482,28.455398559570312
swin_msssim_c32,MS-SSIM,20.png,3b46c71e3b92a563820ba32936be8330c586c41f938efd94be938386aae4328a,512,768,10.0,0,100197070,0.020833333333333332,0.0,0.0,0.020833333333333332,0.001201620907522738,29.20232582092285,0.9806138873100281,17.125093460083008,0.15624438226222992,0.976881742477417,29.198406219482422
swin_msssim_c32,MS-SSIM,20.png,3b46c71e3b92a563820ba32936be8330c586c41f938efd94be938386aae4328a,512,768,10.0,1,100197071,0.020833333333333332,0.0,0.0,0.020833333333333332,0.001219258876517415,29.139041900634766,0.9805126190185547,17.102466583251953,0.15498140454292297,0.9766771793365479,29.13506507873535
swin_msssim_c32,MS-SSIM,20.png,3b46c71e3b92a563820ba32936be8330c586c41f938efd94be938386aae4328a,512,768,10.0,2,100197072,0.020833333333333332,0.0,0.0,0.020833333333333332,0.0012108180671930313,29.169214248657227,0.980535626411438,17.107595443725586,0.15541687607765198,0.976711094379425,29.165485382080078
swin_msssim_c32,MS-SSIM,20.png,3b46c71e3b92a563820ba32936be8330c586c41f938efd94be938386aae4328a,512,768,10.0,3,100197073,0.020833333333333332,0.0,0.0,0.020833333333333332,0.001208817819133401,29.1763916015625,0.9805477857589722,17.110309600830078,0.15613394975662231,0.9767621755599976,29.171812057495117
swin_msssim_c32,MS-SSIM,20.png,3b46c71e3b92a563820ba32936be8330c586c41f938efd94be938386aae4328a,512,768,10.0,4,100197074,0.020833333333333332,0.0,0.0,0.020833333333333332,0.0012240279465913773,29.122087478637695,0.9807679653167725,17.159748077392578,0.15876556932926178,0.9770320653915405,29.117935180664062
swin_msssim_c32,MS-SSIM,20.png,3b46c71e3b92a563820ba32936be8330c586c41f938efd94be938386aae4328a,512,768,10.0,5,100197075,0.020833333333333332,0.0,0.0,0.020833333333333332,0.0012012611841782928,29.20362663269043,0.9806718826293945,17.138103485107422,0.15724754333496094,0.976879358291626,29.199813842773438
swin_msssim_c32,MS-SSIM,20.png,3b46c71e3b92a563820ba32936be8330c586c41f938efd94be938386aae4328a,512,768,10.0,6,100197076,0.020833333333333332,0.0,0.0,0.020833333333333332,0.0012096912832930684,29.173255920410156,0.9803918600082397,17.07563591003418,0.157332181930542,0.976505696773529,29.168766021728516
swin_msssim_c32,MS-SSIM,20.png,3b46c71e3b92a563820ba32936be8330c586c41f938efd94be938386aae4328a,512,768,10.0,7,100197077,0.020833333333333332,0.0,0.0,0.020833333333333332,0.0011991866631433368,29.211132049560547,0.980557918548584,17.112573623657227,0.15610568225383759,0.9768111109733582,29.20638084411621
swin_msssim_c32,MS-SSIM,20.png,3b46c71e3b92a563820ba32936be8330c586c41f938efd94be938386aae4328a,512,768,10.0,8,100197078,0.020833333333333332,0.0,0.0,0.020833333333333332,0.0012131128460168839,29.160987854003906,0.9805051684379578,17.100805282592773,0.158097043633461,0.9767017364501953,29.15564727783203
swin_msssim_c32,MS-SSIM,20.png,3b46c71e3b92a563820ba32936be8330c586c41f938efd94be938386aae4328a,512,768,10.0,9,100197079,0.020833333333333332,0.0,0.0,0.020833333333333332,0.0012030169600620866,29.197282791137695,0.980565071105957,17.11417007446289,0.15557071566581726,0.9768083095550537,29.193199157714844
swin_msssim_c32,MS-SSIM,21.png,ac958597c82073f6bb65129c68f72b651db5b9efd82e11547d07350214bc268b,512,768,10.0,0,100207070,0.020833333333333332,0.0,0.0,0.020833333333333332,0.002315869787707925,26.352859497070312,0.9706982374191284,15.331062316894531,0.28310930728912354,0.9649029970169067,26.350444793701172
swin_msssim_c32,MS-SSIM,21.png,ac958597c82073f6bb65129c68f72b651db5b9efd82e11547d07350214bc268b,512,768,10.0,1,100207071,0.020833333333333332,0.0,0.0,0.020833333333333332,0.002311869291588664,26.360368728637695,0.9709097743034363,15.362529754638672,0.28016096353530884,0.9651957154273987,26.35788917541504
swin_msssim_c32,MS-SSIM,21.png,ac958597c82073f6bb65129c68f72b651db5b9efd82e11547d07350214bc268b,512,768,10.0,2,100207072,0.020833333333333332,0.0,0.0,0.020833333333333332,0.002367462031543255,26.257169723510742,0.9705204963684082,15.30479907989502,0.2799156606197357,0.9645950794219971,26.254817962646484
swin_msssim_c32,MS-SSIM,21.png,ac958597c82073f6bb65129c68f72b651db5b9efd82e11547d07350214bc268b,512,768,10.0,3,100207073,0.020833333333333332,0.0,0.0,0.020833333333333332,0.0023228926584124565,26.339706420898438,0.9708263874053955,15.35009765625,0.284770667552948,0.9651036858558655,26.337623596191406
swin_msssim_c32,MS-SSIM,21.png,ac958597c82073f6bb65129c68f72b651db5b9efd82e11547d07350214bc268b,512,768,10.0,4,100207074,0.020833333333333332,0.0,0.0,0.020833333333333332,0.0023267914075404406,26.332426071166992,0.970848560333252,15.353399276733398,0.27839601039886475,0.9650664925575256,26.33000373840332
swin_msssim_c32,MS-SSIM,21.png,ac958597c82073f6bb65129c68f72b651db5b9efd82e11547d07350214bc268b,512,768,10.0,5,100207075,0.020833333333333332,0.0,0.0,0.020833333333333332,0.002320675877854228,26.343856811523438,0.970893144607544,15.360048294067383,0.27884238958358765,0.9650954008102417,26.341459274291992
swin_msssim_c32,MS-SSIM,21.png,ac958597c82073f6bb65129c68f72b651db5b9efd82e11547d07350214bc268b,512,768,10.0,6,100207076,0.020833333333333332,0.0,0.0,0.020833333333333332,0.00230642082169652,26.37061309814453,0.9707121849060059,15.3331298828125,0.2782494127750397,0.9648390412330627,26.368324279785156
swin_msssim_c32,MS-SSIM,21.png,ac958597c82073f6bb65129c68f72b651db5b9efd82e11547d07350214bc268b,512,768,10.0,7,100207077,0.020833333333333332,0.0,0.0,0.020833333333333332,0.002361696446314454,26.267759323120117,0.9700359106063843,15.233989715576172,0.2811269164085388,0.9637776613235474,26.265581130981445
swin_msssim_c32,MS-SSIM,21.png,ac958597c82073f6bb65129c68f72b651db5b9efd82e11547d07350214bc268b,512,768,10.0,8,100207078,0.020833333333333332,0.0,0.0,0.020833333333333332,0.0023169887717813253,26.35076141357422,0.9709120988845825,15.362876892089844,0.28535544872283936,0.9651461243629456,26.348552703857422
swin_msssim_c32,MS-SSIM,21.png,ac958597c82073f6bb65129c68f72b651db5b9efd82e11547d07350214bc268b,512,768,10.0,9,100207079,0.020833333333333332,0.0,0.0,0.020833333333333332,0.002318252809345722,26.348390579223633,0.9708364009857178,15.35158920288086,0.2805943489074707,0.9650683999061584,26.34613800048828
swin_msssim_c32,MS-SSIM,22.png,1cee58eb1f2d9c7ebb254d208a03c783ce6cf2c4d8c2cf45e235dd23b4ce1b29,512,768,10.0,0,100217070,0.020833333333333332,0.0,0.0,0.020833333333333332,0.0016288895858451724,27.881084442138672,0.9520395994186401,13.191171646118164,0.29492637515068054,0.9418466687202454,27.877513885498047
swin_msssim_c32,MS-SSIM,22.png,1cee58eb1f2d9c7ebb254d208a03c783ce6cf2c4d8c2cf45e235dd23b4ce1b29,512,768,10.0,1,100217071,0.020833333333333332,0.0,0.0,0.020833333333333332,0.0016429221723228693,27.843830108642578,0.9519997835159302,13.187568664550781,0.2879151999950409,0.9416502118110657,27.84040641784668
swin_msssim_c32,MS-SSIM,22.png,1cee58eb1f2d9c7ebb254d208a03c783ce6cf2c4d8c2cf45e235dd23b4ce1b29,512,768,10.0,2,100217072,0.020833333333333332,0.0,0.0,0.020833333333333332,0.0016466513043269515,27.833984375,0.9517979621887207,13.16934585571289,0.28665751218795776,0.9415757060050964,27.830533981323242
swin_msssim_c32,MS-SSIM,22.png,1cee58eb1f2d9c7ebb254d208a03c783ce6cf2c4d8c2cf45e235dd23b4ce1b29,512,768,10.0,3,100217073,0.020833333333333332,0.0,0.0,0.020833333333333332,0.0016311178915202618,27.875146865844727,0.951783299446106,13.168025970458984,0.29045090079307556,0.9414820671081543,27.871902465820312
swin_msssim_c32,MS-SSIM,22.png,1cee58eb1f2d9c7ebb254d208a03c783ce6cf2c4d8c2cf45e235dd23b4ce1b29,512,768,10.0,4,100217074,0.020833333333333332,0.0,0.0,0.020833333333333332,0.0016311191720888019,27.875144958496094,0.9518647193908691,13.17536449432373,0.29013288021087646,0.9416102766990662,27.87174415588379
swin_msssim_c32,MS-SSIM,22.png,1cee58eb1f2d9c7ebb254d208a03c783ce6cf2c4d8c2cf45e235dd23b4ce1b29,512,768,10.0,5,100217075,0.020833333333333332,0.0,0.0,0.020833333333333332,0.0016467241803184152,27.83379364013672,0.9516739845275879,13.15818977355957,0.29322585463523865,0.9413133859634399,27.83056640625
swin_msssim_c32,MS-SSIM,22.png,1cee58eb1f2d9c7ebb254d208a03c783ce6cf2c4d8c2cf45e235dd23b4ce1b29,512,768,10.0,6,100217076,0.020833333333333332,0.0,0.0,0.020833333333333332,0.0016496814787387848,27.826000213623047,0.9517325758934021,13.163459777832031,0.29211485385894775,0.9412957429885864,27.82282829284668
swin_msssim_c32,MS-SSIM,22.png,1cee58eb1f2d9c7ebb254d208a03c783ce6cf2c4d8c2cf45e235dd23b4ce1b29,512,768,10.0,7,100217077,0.020833333333333332,0.0,0.0,0.020833333333333332,0.0016290605999529362,27.88062858581543,0.9518593549728394,13.174880981445312,0.2877155542373657,0.9414688348770142,27.877159118652344
swin_msssim_c32,MS-SSIM,22.png,1cee58eb1f2d9c7ebb254d208a03c783ce6cf2c4d8c2cf45e235dd23b4ce1b29,512,768,10.0,8,100217078,0.020833333333333332,0.0,0.0,0.020833333333333332,0.0016672031488269567,27.780115127563477,0.9513177871704102,13.126296997070312,0.2890353500843048,0.9409310221672058,27.776485443115234
swin_msssim_c32,MS-SSIM,22.png,1cee58eb1f2d9c7ebb254d208a03c783ce6cf2c4d8c2cf45e235dd23b4ce1b29,512,768,10.0,9,100217079,0.020833333333333332,0.0,0.0,0.020833333333333332,0.0016599472146481276,27.799057006835938,0.951911449432373,13.179583549499512,0.2922796607017517,0.9416106343269348,27.795494079589844
swin_msssim_c32,MS-SSIM,23.png,e3111a2fd4da24af15d6459ef9eacfe54106b38e27b4a21821b75c3f5d2d5baf,512,768,10.0,0,100227070,0.020833333333333332,0.0,0.0,0.020833333333333332,0.0007832841947674751,31.060808181762695,0.9839519262313843,17.945770263671875,0.14685657620429993,0.9798157215118408,31.05379867553711
swin_msssim_c32,MS-SSIM,23.png,e3111a2fd4da24af15d6459ef9eacfe54106b38e27b4a21821b75c3f5d2d5baf,512,768,10.0,1,100227071,0.020833333333333332,0.0,0.0,0.020833333333333332,0.0008062676060944796,30.935209274291992,0.9840285181999207,17.966548919677734,0.14718087017536163,0.9799371957778931,30.928234100341797
swin_msssim_c32,MS-SSIM,23.png,e3111a2fd4da24af15d6459ef9eacfe54106b38e27b4a21821b75c3f5d2d5baf,512,768,10.0,2,100227072,0.020833333333333332,0.0,0.0,0.020833333333333332,0.0007852406124584377,31.04997444152832,0.984200656414032,18.01361083984375,0.1464989185333252,0.9802504777908325,31.04305076599121
swin_msssim_c32,MS-SSIM,23.png,e3111a2fd4da24af15d6459ef9eacfe54106b38e27b4a21821b75c3f5d2d5baf,512,768,10.0,3,100227073,0.020833333333333332,0.0,0.0,0.020833333333333332,0.0007952830637805164,30.99478530883789,0.9839276075363159,17.93919563293457,0.14480015635490417,0.9796834588050842,30.98780059814453
swin_msssim_c32,MS-SSIM,23.png,e3111a2fd4da24af15d6459ef9eacfe54106b38e27b4a21821b75c3f5d2d5baf,512,768,10.0,4,100227074,0.020833333333333332,0.0,0.0,0.020833333333333332,0.0007878158357925713,31.035755157470703,0.9837031364440918,17.87895965576172,0.14655618369579315,0.9794788360595703,31.029014587402344
swin_msssim_c32,MS-SSIM,23.png,e3111a2fd4da24af15d6459ef9eacfe54106b38e27b4a21821b75c3f5d2d5baf,512,768,10.0,5,100227075,0.020833333333333332,0.0,0.0,0.020833333333333332,0.0007858863682486117,31.046401977539062,0.984062671661377,17.97584342956543,0.147658571600914,0.9799447655677795,31.0394287109375
swin_msssim_c32,MS-SSIM,23.png,e3111a2fd4da24af15d6459ef9eacfe54106b38e27b4a21821b75c3f5d2d5baf,512,768,10.0,6,100227076,0.020833333333333332,0.0,0.0,0.020833333333333332,0.0008037423831410706,30.94883155822754,0.983664870262146,17.8687744140625,0.147807314991951,0.9793379902839661,30.941381454467773
swin_msssim_c32,MS-SSIM,23.png,e3111a2fd4da24af15d6459ef9eacfe54106b38e27b4a21821b75c3f5d2d5baf,512,768,10.0,7,100227077,0.020833333333333332,0.0,0.0,0.020833333333333332,0.0007958037313073874,30.991939544677734,0.9842304587364197,18.02181053161621,0.14724594354629517,0.9802056550979614,30.985395431518555
swin_msssim_c32,MS-SSIM,23.png,e3111a2fd4da24af15d6459ef9eacfe54106b38e27b4a21821b75c3f5d2d5baf,512,768,10.0,8,100227078,0.020833333333333332,0.0,0.0,0.020833333333333332,0.0007955272449180484,30.993450164794922,0.9840507507324219,17.972597122192383,0.1474253386259079,0.9800207018852234,30.986528396606445
swin_msssim_c32,MS-SSIM,23.png,e3111a2fd4da24af15d6459ef9eacfe54106b38e27b4a21821b75c3f5d2d5baf,512,768,10.0,9,100227079,0.020833333333333332,0.0,0.0,0.020833333333333332,0.000777926470618695,31.090614318847656,0.9840706586837769,17.978023529052734,0.14622923731803894,0.9800121784210205,31.08335304260254
swin_msssim_c32,MS-SSIM,24.png,1071c68372cc5a01435c2c225a5cf7d4bb803846ec08bb6b3d6721b156d7cb96,512,768,10.0,0,100237070,0.020833333333333332,0.0,0.0,0.020833333333333332,0.003371321829035878,24.722000122070312,0.9619003534317017,14.190790176391602,0.2266864776611328,0.954345166683197,24.720277786254883
swin_msssim_c32,MS-SSIM,24.png,1071c68372cc5a01435c2c225a5cf7d4bb803846ec08bb6b3d6721b156d7cb96,512,768,10.0,1,100237071,0.020833333333333332,0.0,0.0,0.020833333333333332,0.00337257725186646,24.720382690429688,0.9616869688034058,14.166535377502441,0.22601108253002167,0.953942596912384,24.71856117248535
swin_msssim_c32,MS-SSIM,24.png,1071c68372cc5a01435c2c225a5cf7d4bb803846ec08bb6b3d6721b156d7cb96,512,768,10.0,2,100237072,0.020833333333333332,0.0,0.0,0.020833333333333332,0.003346777521073818,24.753732681274414,0.960573673248291,14.042137145996094,0.22740456461906433,0.9521273374557495,24.751968383789062
swin_msssim_c32,MS-SSIM,24.png,1071c68372cc5a01435c2c225a5cf7d4bb803846ec08bb6b3d6721b156d7cb96,512,768,10.0,3,100237073,0.020833333333333332,0.0,0.0,0.020833333333333332,0.0033598244190216064,24.736835479736328,0.9618856906890869,14.189119338989258,0.2261899709701538,0.9541952610015869,24.735422134399414
swin_msssim_c32,MS-SSIM,24.png,1071c68372cc5a01435c2c225a5cf7d4bb803846ec08bb6b3d6721b156d7cb96,512,768,10.0,4,100237074,0.020833333333333332,0.0,0.0,0.020833333333333332,0.003362907562404871,24.73284912109375,0.9620071649551392,14.202983856201172,0.22708985209465027,0.9543200731277466,24.731189727783203
swin_msssim_c32,MS-SSIM,24.png,1071c68372cc5a01435c2c225a5cf7d4bb803846ec08bb6b3d6721b156d7cb96,512,768,10.0,5,100237075,0.020833333333333332,0.0,0.0,0.020833333333333332,0.003324545919895172,24.782676696777344,0.9619266390800476,14.193788528442383,0.22418569028377533,0.9542936682701111,24.78095817565918
swin_msssim_c32,MS-SSIM,24.png,1071c68372cc5a01435c2c225a5cf7d4bb803846ec08bb6b3d6721b156d7cb96,512,768,10.0,6,100237076,0.020833333333333332,0.0,0.0,0.020833333333333332,0.003319823183119297,24.78885269165039,0.9617701768875122,14.17597770690918,0.2284281700849533,0.9540746808052063,24.78719711303711
swin_msssim_c32,MS-SSIM,24.png,1071c68372cc5a01435c2c225a5cf7d4bb803846ec08bb6b3d6721b156d7cb96,512,768,10.0,7,100237077,0.020833333333333332,0.0,0.0,0.020833333333333332,0.0033642067573964596,24.73117446899414,0.962214469909668,14.22674560546875,0.2233913540840149,0.9546740651130676,24.729318618774414
swin_msssim_c32,MS-SSIM,24.png,1071c68372cc5a01435c2c225a5cf7d4bb803846ec08bb6b3d6721b156d7cb96,512,768,10.0,8,100237078,0.020833333333333332,0.0,0.0,0.020833333333333332,0.0033757812343537807,24.716259002685547,0.9620279669761658,14.205362319946289,0.22825530171394348,0.9543501734733582,24.71472930908203
swin_msssim_c32,MS-SSIM,24.png,1071c68372cc5a01435c2c225a5cf7d4bb803846ec08bb6b3d6721b156d7cb96,512,768,10.0,9,100237079,0.020833333333333332,0.0,0.0,0.020833333333333332,0.003380433889105916,24.710275650024414,0.9616532325744629,14.162712097167969,0.2294643372297287,0.9538888335227966,24.708881378173828
