model,image,image_sha256,snr_db,draw,noise_seed,payload_uses,scale_uses,rate_map_bits,rate_map_uses,feedback_uses,cbr_payload,cbr_total,mse,psnr,ms_ssim,lpips
swin_mse_c64_paid_metadata,01.png,a56e27cbf5f843c048b6af1d6e090760e9c92fadba88b7dee0205918a37523bd,10.0,0,162308178,8192.0,32,0,0,2,0.041666666666666664,0.041839599609375,0.0020029342267662287,26.983333587646484,0.9646269679069519,0.10414420068264008
swin_mse_c64_paid_metadata,01.png,a56e27cbf5f843c048b6af1d6e090760e9c92fadba88b7dee0205918a37523bd,10.0,1,963342149,8192.0,32,0,0,2,0.041666666666666664,0.041839599609375,0.0019841014873236418,27.024362564086914,0.9645676612854004,0.10511864721775055
swin_mse_c64_paid_metadata,01.png,a56e27cbf5f843c048b6af1d6e090760e9c92fadba88b7dee0205918a37523bd,10.0,2,2258634075,8192.0,32,0,0,2,0.041666666666666664,0.041839599609375,0.0019826944917440414,27.027442932128906,0.9651159048080444,0.10059969872236252
swin_mse_c64_paid_metadata,01.png,a56e27cbf5f843c048b6af1d6e090760e9c92fadba88b7dee0205918a37523bd,10.0,3,2790212351,8192.0,32,0,0,2,0.041666666666666664,0.041839599609375,0.001986705232411623,27.018665313720703,0.9643439054489136,0.10489864647388458
swin_mse_c64_paid_metadata,01.png,a56e27cbf5f843c048b6af1d6e090760e9c92fadba88b7dee0205918a37523bd,10.0,4,1259171946,8192.0,32,0,0,2,0.041666666666666664,0.041839599609375,0.00199967622756958,26.99040412902832,0.9637612700462341,0.10393410921096802
swin_mse_c64_paid_metadata,01.png,a56e27cbf5f843c048b6af1d6e090760e9c92fadba88b7dee0205918a37523bd,10.0,5,3344109754,8192.0,32,0,0,2,0.041666666666666664,0.041839599609375,0.001977989450097084,27.037761688232422,0.9648768901824951,0.0982886552810669
swin_mse_c64_paid_metadata,01.png,a56e27cbf5f843c048b6af1d6e090760e9c92fadba88b7dee0205918a37523bd,10.0,6,3704916121,8192.0,32,0,0,2,0.041666666666666664,0.041839599609375,0.0020015521440654993,26.986331939697266,0.9644812941551208,0.09697717428207397
swin_mse_c64_paid_metadata,01.png,a56e27cbf5f843c048b6af1d6e090760e9c92fadba88b7dee0205918a37523bd,10.0,7,1240141978,8192.0,32,0,0,2,0.041666666666666664,0.041839599609375,0.0019829142838716507,27.026960372924805,0.9648028612136841,0.10388274490833282
swin_mse_c64_paid_metadata,01.png,a56e27cbf5f843c048b6af1d6e090760e9c92fadba88b7dee0205918a37523bd,10.0,8,1760099060,8192.0,32,0,0,2,0.041666666666666664,0.041839599609375,0.0020003439858555794,26.988954544067383,0.9645147323608398,0.1042933315038681
swin_mse_c64_paid_metadata,01.png,a56e27cbf5f843c048b6af1d6e090760e9c92fadba88b7dee0205918a37523bd,10.0,9,1557963217,8192.0,32,0,0,2,0.041666666666666664,0.041839599609375,0.001987243304029107,27.01749038696289,0.9641923308372498,0.09741529822349548
swin_mse_c64_paid_metadata,02.png,4f4b74a79237e311d72cad958237b5f7088d8bce1c82305ebefe1a70e3022dfd,10.0,0,1847583015,8192.0,32,0,0,2,0.041666666666666664,0.041839599609375,0.0005030515603721142,32.98387908935547,0.9703288078308105,0.10474468767642975
swin_mse_c64_paid_metadata,02.png,4f4b74a79237e311d72cad958237b5f7088d8bce1c82305ebefe1a70e3022dfd,10.0,1,1712298192,8192.0,32,0,0,2,0.041666666666666664,0.041839599609375,0.0004829059762414545,33.161376953125,0.9703350067138672,0.10794156789779663
swin_mse_c64_paid_metadata,02.png,4f4b74a79237e311d72cad958237b5f7088d8bce1c82305ebefe1a70e3022dfd,10.0,2,2661747810,8192.0,32,0,0,2,0.041666666666666664,0.041839599609375,0.00048110674833878875,33.17758560180664,0.9698742628097534,0.11029070615768433
swin_mse_c64_paid_metadata,02.png,4f4b74a79237e311d72cad958237b5f7088d8bce1c82305ebefe1a70e3022dfd,10.0,3,369895959,8192.0,32,0,0,2,0.041666666666666664,0.041839599609375,0.0004909924464300275,33.08925247192383,0.9698015451431274,0.10627936571836472
swin_mse_c64_paid_metadata,02.png,4f4b74a79237e311d72cad958237b5f7088d8bce1c82305ebefe1a70e3022dfd,10.0,4,2095440460,8192.0,32,0,0,2,0.041666666666666664,0.041839599609375,0.0004852765705436468,33.14011001586914,0.9700974225997925,0.10538706183433533
swin_mse_c64_paid_metadata,02.png,4f4b74a79237e311d72cad958237b5f7088d8bce1c82305ebefe1a70e3022dfd,10.0,5,1123466677,8192.0,32,0,0,2,0.041666666666666664,0.041839599609375,0.0004778390284627676,33.207183837890625,0.9701194167137146,0.10632578283548355
swin_mse_c64_paid_metadata,02.png,4f4b74a79237e311d72cad958237b5f7088d8bce1c82305ebefe1a70e3022dfd,10.0,6,60553645,8192.0,32,0,0,2,0.041666666666666664,0.041839599609375,0.000490777543745935,33.091156005859375,0.9698551893234253,0.10714583098888397
swin_mse_c64_paid_metadata,02.png,4f4b74a79237e311d72cad958237b5f7088d8bce1c82305ebefe1a70e3022dfd,10.0,7,4197413953,8192.0,32,0,0,2,0.041666666666666664,0.041839599609375,0.0004910331917926669,33.08889389038086,0.9694304466247559,0.11147399991750717
swin_mse_c64_paid_metadata,02.png,4f4b74a79237e311d72cad958237b5f7088d8bce1c82305ebefe1a70e3022dfd,10.0,8,3877328360,8192.0,32,0,0,2,0.041666666666666664,0.041839599609375,0.0004897097242064774,33.100616455078125,0.9696218967437744,0.11034423112869263
swin_mse_c64_paid_metadata,02.png,4f4b74a79237e311d72cad958237b5f7088d8bce1c82305ebefe1a70e3022dfd,10.0,9,3807261312,8192.0,32,0,0,2,0.041666666666666664,0.041839599609375,0.0004987649153918028,33.02104187011719,0.9699003100395203,0.10826744884252548
swin_mse_c64_paid_metadata,03.png,e25ca1ff2f0c0cb5fdfd5f9b0a0bb21ac4c3de3c84a67f35b09a85d3306249db,10.0,0,3687849831,8192.0,32,0,0,2,0.041666666666666664,0.041839599609375,0.0003570527769625187,34.47267532348633,0.9846116304397583,0.04275590926408768
swin_mse_c64_paid_metadata,03.png,e25ca1ff2f0c0cb5fdfd5f9b0a0bb21ac4c3de3c84a67f35b09a85d3306249db,10.0,1,2694932120,8192.0,32,0,0,2,0.041666666666666664,0.041839599609375,0.00035292416578158736,34.52318572998047,0.9847926497459412,0.04189489781856537
swin_mse_c64_paid_metadata,03.png,e25ca1ff2f0c0cb5fdfd5f9b0a0bb21ac4c3de3c84a67f35b09a85d3306249db,10.0,2,1212515068,8192.0,32,0,0,2,0.041666666666666664,0.041839599609375,0.00036600499879568815,34.36513137817383,0.9847855567932129,0.04248005151748657
swin_mse_c64_paid_metadata,03.png,e25ca1ff2f0c0cb5fdfd5f9b0a0bb21ac4c3de3c84a67f35b09a85d3306249db,10.0,3,1452476945,8192.0,32,0,0,2,0.041666666666666664,0.041839599609375,0.0003664178657345474,34.360233306884766,0.9846987128257751,0.041113436222076416
swin_mse_c64_paid_metadata,03.png,e25ca1ff2f0c0cb5fdfd5f9b0a0bb21ac4c3de3c84a67f35b09a85d3306249db,10.0,4,3521783118,8192.0,32,0,0,2,0.041666666666666664,0.041839599609375,0.00035530232707969844,34.494022369384766,0.9847070574760437,0.0396498367190361
swin_mse_c64_paid_metadata,03.png,e25ca1ff2f0c0cb5fdfd5f9b0a0bb21ac4c3de3c84a67f35b09a85d3306249db,10.0,5,4270040323,8192.0,32,0,0,2,0.041666666666666664,0.041839599609375,0.0003652492305263877,34.374107360839844,0.9850127100944519,0.039358947426080704
swin_mse_c64_paid_metadata,03.png,e25ca1ff2f0c0cb5fdfd5f9b0a0bb21ac4c3de3c84a67f35b09a85d3306249db,10.0,6,3239262627,8192.0,32,0,0,2,0.041666666666666664,0.041839599609375,0.00036696609458886087,34.35374450683594,0.984743595123291,0.04227394610643387
swin_mse_c64_paid_metadata,03.png,e25ca1ff2f0c0cb5fdfd5f9b0a0bb21ac4c3de3c84a67f35b09a85d3306249db,10.0,7,2698752677,8192.0,32,0,0,2,0.041666666666666664,0.041839599609375,0.00036670686677098274,34.3568115234375,0.9843690395355225,0.04539804905653
swin_mse_c64_paid_metadata,03.png,e25ca1ff2f0c0cb5fdfd5f9b0a0bb21ac4c3de3c84a67f35b09a85d3306249db,10.0,8,1730656629,8192.0,32,0,0,2,0.041666666666666664,0.041839599609375,0.00035727984504774213,34.46991729736328,0.9846729040145874,0.04026035964488983
swin_mse_c64_paid_metadata,03.png,e25ca1ff2f0c0cb5fdfd5f9b0a0bb21ac4c3de3c84a67f35b09a85d3306249db,10.0,9,1018922174,8192.0,32,0,0,2,0.041666666666666664,0.041839599609375,0.0003567128151189536,34.47681427001953,0.9848715662956238,0.0392986536026001
swin_mse_c64_paid_metadata,04.png,e3b946107c5d3441c022f678d0c3caf1e224d81b1604ba840a4f88e562de61aa,10.0,0,923839692,8192.0,32,0,0,2,0.041666666666666664,0.041839599609375,0.00021177716553211212,36.7412109375,0.9852117300033569,0.1588839888572693
swin_mse_c64_paid_metadata,04.png,e3b946107c5d3441c022f678d0c3caf1e224d81b1604ba840a4f88e562de61aa,10.0,1,92362124,8192.0,32,0,0,2,0.041666666666666664,0.041839599609375,0.00021293654572218657,36.717498779296875,0.9854571223258972,0.1560395061969757
swin_mse_c64_paid_metadata,04.png,e3b946107c5d3441c022f678d0c3caf1e224d81b1604ba840a4f88e562de61aa,10.0,2,37744946,8192.0,32,0,0,2,0.041666666666666664,0.041839599609375,0.00021303282119333744,36.715538024902344,0.9853464961051941,0.1658736616373062
swin_mse_c64_paid_metadata,04.png,e3b946107c5d3441c022f678d0c3caf1e224d81b1604ba840a4f88e562de61aa,10.0,3,1345371972,8192.0,32,0,0,2,0.041666666666666664,0.041839599609375,0.0002085795858874917,36.80728530883789,0.9856055974960327,0.15513333678245544
swin_mse_c64_paid_metadata,04.png,e3b946107c5d3441c022f678d0c3caf1e224d81b1604ba840a4f88e562de61aa,10.0,4,3624408447,8192.0,32,0,0,2,0.041666666666666664,0.041839599609375,0.0002075834636343643,36.82807159423828,0.9855011701583862,0.1601652354001999
swin_mse_c64_paid_metadata,04.png,e3b946107c5d3441c022f678d0c3caf1e224d81b1604ba840a4f88e562de61aa,10.0,5,583767116,8192.0,32,0,0,2,0.041666666666666664,0.041839599609375,0.00021314885816536844,36.713172912597656,0.9854090213775635,0.16325543820858002
swin_mse_c64_paid_metadata,04.png,e3b946107c5d3441c022f678d0c3caf1e224d81b1604ba840a4f88e562de61aa,10.0,6,3016718898,8192.0,32,0,0,2,0.041666666666666664,0.041839599609375,0.00020883184333797544,36.802032470703125,0.9855667948722839,0.15857715904712677
swin_mse_c64_paid_metadata,04.png,e3b946107c5d3441c022f678d0c3caf1e224d81b1604ba840a4f88e562de61aa,10.0,7,945195777,8192.0,32,0,0,2,0.041666666666666664,0.041839599609375,0.00021100309095345438,36.757110595703125,0.9852323532104492,0.16051064431667328
swin_mse_c64_paid_metadata,04.png,e3b946107c5d3441c022f678d0c3caf1e224d81b1604ba840a4f88e562de61aa,10.0,8,668504590,8192.0,32,0,0,2,0.041666666666666664,0.041839599609375,0.00020930042956024408,36.792301177978516,0.9853981733322144,0.15473221242427826
swin_mse_c64_paid_metadata,04.png,e3b946107c5d3441c022f678d0c3caf1e224d81b1604ba840a4f88e562de61aa,10.0,9,3945070707,8192.0,32,0,0,2,0.041666666666666664,0.041839599609375,0.00020950587349943817,36.78803634643555,0.9856305122375488,0.15595144033432007
swin_mse_c64_paid_metadata,05.png,10349e963c5c813d327852f82c1795fa4148d69fedffc4c589bee458e3ac3d53,10.0,0,2209003489,8192.0,32,0,0,2,0.041666666666666664,0.041839599609375,0.0024891423527151346,26.03950309753418,0.9700247645378113,0.0656193345785141
swin_mse_c64_paid_metadata,05.png,10349e963c5c813d327852f82c1795fa4148d69fedffc4c589bee458e3ac3d53,10.0,1,327337422,8192.0,32,0,0,2,0.041666666666666664,0.041839599609375,0.00245044007897377,26.107559204101562,0.9704495668411255,0.06577707082033157
swin_mse_c64_paid_metadata,05.png,10349e963c5c813d327852f82c1795fa4148d69fedffc4c589bee458e3ac3d53,10.0,2,1816397462,8192.0,32,0,0,2,0.041666666666666664,0.041839599609375,0.0024975270498543978,26.0248966217041,0.9684860706329346,0.06168867275118828
swin_mse_c64_paid_metadata,05.png,10349e963c5c813d327852f82c1795fa4148d69fedffc4c589bee458e3ac3d53,10.0,3,2193279405,8192.0,32,0,0,2,0.041666666666666664,0.041839599609375,0.0024374290369451046,26.130680084228516,0.9706491231918335,0.061767276376485825
swin_mse_c64_paid_metadata,05.png,10349e963c5c813d327852f82c1795fa4148d69fedffc4c589bee458e3ac3d53,10.0,4,1326661360,8192.0,32,0,0,2,0.041666666666666664,0.041839599609375,0.002466584322974086,26.079042434692383,0.9687909483909607,0.06279419362545013
swin_mse_c64_paid_metadata,05.png,10349e963c5c813d327852f82c1795fa4148d69fedffc4c589bee458e3ac3d53,10.0,5,2908477935,8192.0,32,0,0,2,0.041666666666666664,0.041839599609375,0.0027313949540257454,25.63615608215332,0.9701225757598877,0.06347426027059555
swin_mse_c64_paid_metadata,05.png,10349e963c5c813d327852f82c1795fa4148d69fedffc4c589bee458e3ac3d53,10.0,6,2380327252,8192.0,32,0,0,2,0.041666666666666664,0.041839599609375,0.0024453867226839066,26.116525650024414,0.9706535339355469,0.06093629449605942
swin_mse_c64_paid_metadata,05.png,10349e963c5c813d327852f82c1795fa4148d69fedffc4c589bee458e3ac3d53,10.0,7,1868907783,8192.0,32,0,0,2,0.041666666666666664,0.041839599609375,0.002481119940057397,26.053524017333984,0.9706971049308777,0.062286872416734695
swin_mse_c64_paid_metadata,05.png,10349e963c5c813d327852f82c1795fa4148d69fedffc4c589bee458e3ac3d53,10.0,8,110583148,8192.0,32,0,0,2,0.041666666666666664,0.041839599609375,0.0024535192642360926,26.10210609436035,0.9713168144226074,0.06450753659009933
swin_mse_c64_paid_metadata,05.png,10349e963c5c813d327852f82c1795fa4148d69fedffc4c589bee458e3ac3d53,10.0,9,2086470130,8192.0,32,0,0,2,0.041666666666666664,0.041839599609375,0.0025136051699519157,25.99703025817871,0.9699219465255737,0.061550650745630264
swin_mse_c64_paid_metadata,06.png,363510303b715d4cbc384e1ce227e466b613a09e1b71ae985882bf8e7fbd9b18,10.0,0,1405178896,8192.0,32,0,0,2,0.041666666666666664,0.041839599609375,0.0022500143386423588,26.4781494140625,0.9487716555595398,0.15530100464820862
swin_mse_c64_paid_metadata,06.png,363510303b715d4cbc384e1ce227e466b613a09e1b71ae985882bf8e7fbd9b18,10.0,1,3142411534,8192.0,32,0,0,2,0.041666666666666664,0.041839599609375,0.002111186506226659,26.75473403930664,0.9514161944389343,0.14725030958652496
swin_mse_c64_paid_metadata,06.png,363510303b715d4cbc384e1ce227e466b613a09e1b71ae985882bf8e7fbd9b18,10.0,2,3815815851,8192.0,32,0,0,2,0.041666666666666664,0.041839599609375,0.0021028558257967234,26.77190589904785,0.9509751200675964,0.15171951055526733
swin_mse_c64_paid_metadata,06.png,363510303b715d4cbc384e1ce227e466b613a09e1b71ae985882bf8e7fbd9b18,10.0,3,4178382034,8192.0,32,0,0,2,0.041666666666666664,0.041839599609375,0.0021453583613038063,26.685001373291016,0.9498047232627869,0.14863097667694092
swin_mse_c64_paid_metadata,06.png,363510303b715d4cbc384e1ce227e466b613a09e1b71ae985882bf8e7fbd9b18,10.0,4,733816407,8192.0,32,0,0,2,0.041666666666666664,0.041839599609375,0.0020945616997778416,26.78907012939453,0.951431155204773,0.15009550750255585
swin_mse_c64_paid_metadata,06.png,363510303b715d4cbc384e1ce227e466b613a09e1b71ae985882bf8e7fbd9b18,10.0,5,3783561066,8192.0,32,0,0,2,0.041666666666666664,0.041839599609375,0.002109590219333768,26.758020401000977,0.9501131772994995,0.1490538865327835
swin_mse_c64_paid_metadata,06.png,363510303b715d4cbc384e1ce227e466b613a09e1b71ae985882bf8e7fbd9b18,10.0,6,2285678882,8192.0,32,0,0,2,0.041666666666666664,0.041839599609375,0.002109232824295759,26.75875473022461,0.9519727230072021,0.14555728435516357
swin_mse_c64_paid_metadata,06.png,363510303b715d4cbc384e1ce227e466b613a09e1b71ae985882bf8e7fbd9b18,10.0,7,874070646,8192.0,32,0,0,2,0.041666666666666664,0.041839599609375,0.0021056346595287323,26.766170501708984,0.9515280723571777,0.1489618867635727
swin_mse_c64_paid_metadata,06.png,363510303b715d4cbc384e1ce227e466b613a09e1b71ae985882bf8e7fbd9b18,10.0,8,2334558296,8192.0,32,0,0,2,0.041666666666666664,0.041839599609375,0.002111162291839719,26.754783630371094,0.9501791000366211,0.15671516954898834
swin_mse_c64_paid_metadata,06.png,363510303b715d4cbc384e1ce227e466b613a09e1b71ae985882bf8e7fbd9b18,10.0,9,1603533872,8192.0,32,0,0,2,0.041666666666666664,0.041839599609375,0.0021098542492836714,26.757476806640625,0.9513193368911743,0.14967724680900574
swin_mse_c64_paid_metadata,07.png,b77d3f006f42414bb242222e0482e750c0fb9e5ee8d4bed2f6f11c5605fe54a4,10.0,0,154875655,8192.0,32,0,0,2,0.041666666666666664,0.041839599609375,0.0007409317186102271,31.30221939086914,0.9818769693374634,0.05609525740146637
swin_mse_c64_paid_metadata,07.png,b77d3f006f42414bb242222e0482e750c0fb9e5ee8d4bed2f6f11c5605fe54a4,10.0,1,1459453153,8192.0,32,0,0,2,0.041666666666666664,0.041839599609375,0.0007366840727627277,31.32718849182129,0.982008159160614,0.05304144695401192
swin_mse_c64_paid_metadata,07.png,b77d3f006f42414bb242222e0482e750c0fb9e5ee8d4bed2f6f11c5605fe54a4,10.0,2,2310409658,8192.0,32,0,0,2,0.041666666666666664,0.041839599609375,0.0007388857193291187,31.314228057861328,0.981951117515564,0.05795922130346298
swin_mse_c64_paid_metadata,07.png,b77d3f006f42414bb242222e0482e750c0fb9e5ee8d4bed2f6f11c5605fe54a4,10.0,3,1166698755,8192.0,32,0,0,2,0.041666666666666664,0.041839599609375,0.0007475176826119423,31.26378631591797,0.9817880392074585,0.05601261183619499
swin_mse_c64_paid_metadata,07.png,b77d3f006f42414bb242222e0482e750c0fb9e5ee8d4bed2f6f11c5605fe54a4,10.0,4,2138521498,8192.0,32,0,0,2,0.041666666666666664,0.041839599609375,0.0007439807523041964,31.284385681152344,0.981742262840271,0.05469221621751785
swin_mse_c64_paid_metadata,07.png,b77d3f006f42414bb242222e0482e750c0fb9e5ee8d4bed2f6f11c5605fe54a4,10.0,5,2286467145,8192.0,32,0,0,2,0.041666666666666664,0.041839599609375,0.0007501690997742116,31.248409271240234,0.9814194440841675,0.05768847092986107
swin_mse_c64_paid_metadata,07.png,b77d3f006f42414bb242222e0482e750c0fb9e5ee8d4bed2f6f11c5605fe54a4,10.0,6,4264189687,8192.0,32,0,0,2,0.041666666666666664,0.041839599609375,0.000736155197955668,31.330307006835938,0.9816882014274597,0.05633418262004852
swin_mse_c64_paid_metadata,07.png,b77d3f006f42414bb242222e0482e750c0fb9e5ee8d4bed2f6f11c5605fe54a4,10.0,7,653540486,8192.0,32,0,0,2,0.041666666666666664,0.041839599609375,0.0007447524694725871,31.27988052368164,0.9818589091300964,0.058783434331417084
swin_mse_c64_paid_metadata,07.png,b77d3f006f42414bb242222e0482e750c0fb9e5ee8d4bed2f6f11c5605fe54a4,10.0,8,615988308,8192.0,32,0,0,2,0.041666666666666664,0.041839599609375,0.0007438734173774719,31.285009384155273,0.9818681478500366,0.05477554723620415
swin_mse_c64_paid_metadata,07.png,b77d3f006f42414bb242222e0482e750c0fb9e5ee8d4bed2f6f11c5605fe54a4,10.0,9,769145919,8192.0,32,0,0,2,0.041666666666666664,0.041839599609375,0.0007146277348510921,31.459199905395508,0.9824210405349731,0.05553429573774338
swin_mse_c64_paid_metadata,08.png,ba23983c76b4832ee0e8af0592664756841a16779acd69f792e268fb6d13d6e7,10.0,0,3665181027,8192.0,32,0,0,2,0.041666666666666664,0.041839599609375,0.001598047441802919,27.9641056060791,0.9772517085075378,0.07044557482004166
swin_mse_c64_paid_metadata,08.png,ba23983c76b4832ee0e8af0592664756841a16779acd69f792e268fb6d13d6e7,10.0,1,2366869995,8192.0,32,0,0,2,0.041666666666666664,0.041839599609375,0.0016206782311201096,27.903032302856445,0.9763340950012207,0.06839677691459656
swin_mse_c64_paid_metadata,08.png,ba23983c76b4832ee0e8af0592664756841a16779acd69f792e268fb6d13d6e7,10.0,2,3357623517,8192.0,32,0,0,2,0.041666666666666664,0.041839599609375,0.0016265630256384611,27.887290954589844,0.9773461222648621,0.06400797516107559
swin_mse_c64_paid_metadata,08.png,ba23983c76b4832ee0e8af0592664756841a16779acd69f792e268fb6d13d6e7,10.0,3,1908862090,8192.0,32,0,0,2,0.041666666666666664,0.041839599609375,0.0016236647497862577,27.895038604736328,0.9769176244735718,0.07147874683141708
swin_mse_c64_paid_metadata,08.png,ba23983c76b4832ee0e8af0592664756841a16779acd69f792e268fb6d13d6e7,10.0,4,3584723941,8192.0,32,0,0,2,0.041666666666666664,0.041839599609375,0.0016090957215055823,27.934181213378906,0.9778477549552917,0.06971623003482819
swin_mse_c64_paid_metadata,08.png,ba23983c76b4832ee0e8af0592664756841a16779acd69f792e268fb6d13d6e7,10.0,5,1644508031,8192.0,32,0,0,2,0.041666666666666664,0.041839599609375,0.001593882916495204,27.97543716430664,0.9776710867881775,0.06900301575660706
swin_mse_c64_paid_metadata,08.png,ba23983c76b4832ee0e8af0592664756841a16779acd69f792e268fb6d13d6e7,10.0,6,2079618223,8192.0,32,0,0,2,0.041666666666666664,0.041839599609375,0.0016202784609049559,27.904102325439453,0.97725510597229,0.0711008608341217
swin_mse_c64_paid_metadata,08.png,ba23983c76b4832ee0e8af0592664756841a16779acd69f792e268fb6d13d6e7,10.0,7,2921130079,8192.0,32,0,0,2,0.041666666666666664,0.041839599609375,0.001591578358784318,27.981719970703125,0.9777649641036987,0.0721743032336235
swin_mse_c64_paid_metadata,08.png,ba23983c76b4832ee0e8af0592664756841a16779acd69f792e268fb6d13d6e7,10.0,8,1534131277,8192.0,32,0,0,2,0.041666666666666664,0.041839599609375,0.0015913310926407576,27.98239517211914,0.9777007102966309,0.06929202377796173
swin_mse_c64_paid_metadata,08.png,ba23983c76b4832ee0e8af0592664756841a16779acd69f792e268fb6d13d6e7,10.0,9,3906330760,8192.0,32,0,0,2,0.041666666666666664,0.041839599609375,0.0015745637938380241,28.028396606445312,0.9771477580070496,0.06879661977291107
swin_mse_c64_paid_metadata,09.png,6a4361c2fc194feb4edaa9f9a4a0620fb9943e460ac7fdf037fb0f6dd6607a7d,10.0,0,3008023130,8192.0,32,0,0,2,0.041666666666666664,0.041839599609375,0.00027394681819714606,35.62333679199219,0.9871994853019714,0.07209408283233643
swin_mse_c64_paid_metadata,09.png,6a4361c2fc194feb4edaa9f9a4a0620fb9943e460ac7fdf037fb0f6dd6607a7d,10.0,1,495565783,8192.0,32,0,0,2,0.041666666666666664,0.041839599609375,0.0002657068835105747,35.75597381591797,0.9877381324768066,0.06931204348802567
swin_mse_c64_paid_metadata,09.png,6a4361c2fc194feb4edaa9f9a4a0620fb9943e460ac7fdf037fb0f6dd6607a7d,10.0,2,1450200883,8192.0,32,0,0,2,0.041666666666666664,0.041839599609375,0.0002721988712437451,35.65113830566406,0.9874992370605469,0.07070757448673248
swin_mse_c64_paid_metadata,09.png,6a4361c2fc194feb4edaa9f9a4a0620fb9943e460ac7fdf037fb0f6dd6607a7d,10.0,3,2287472751,8192.0,32,0,0,2,0.041666666666666664,0.041839599609375,0.0002842784160748124,35.462562561035156,0.9874855875968933,0.07002949714660645
swin_mse_c64_paid_metadata,09.png,6a4361c2fc194feb4edaa9f9a4a0620fb9943e460ac7fdf037fb0f6dd6607a7d,10.0,4,1313588783,8192.0,32,0,0,2,0.041666666666666664,0.041839599609375,0.0002794605679810047,35.53679656982422,0.9873377680778503,0.07382592558860779
swin_mse_c64_paid_metadata,09.png,6a4361c2fc194feb4edaa9f9a4a0620fb9943e460ac7fdf037fb0f6dd6607a7d,10.0,5,2230534372,8192.0,32,0,0,2,0.041666666666666664,0.041839599609375,0.00026799977058544755,35.718658447265625,0.9872292280197144,0.06943169236183167
swin_mse_c64_paid_metadata,09.png,6a4361c2fc194feb4edaa9f9a4a0620fb9943e460ac7fdf037fb0f6dd6607a7d,10.0,6,1072158569,8192.0,32,0,0,2,0.041666666666666664,0.041839599609375,0.0002741715288721025,35.61977767944336,0.9874812960624695,0.07200684398412704
swin_mse_c64_paid_metadata,09.png,6a4361c2fc194feb4edaa9f9a4a0620fb9943e460ac7fdf037fb0f6dd6607a7d,10.0,7,2643020808,8192.0,32,0,0,2,0.041666666666666664,0.041839599609375,0.0002721985219977796,35.65114212036133,0.9875842928886414,0.06936398148536682
swin_mse_c64_paid_metadata,09.png,6a4361c2fc194feb4edaa9f9a4a0620fb9943e460ac7fdf037fb0f6dd6607a7d,10.0,8,825087127,8192.0,32,0,0,2,0.041666666666666664,0.041839599609375,0.00026578237884677947,35.75474166870117,0.9873073101043701,0.06741752475500107
swin_mse_c64_paid_metadata,09.png,6a4361c2fc194feb4edaa9f9a4a0620fb9943e460ac7fdf037fb0f6dd6607a7d,10.0,9,2667223972,8192.0,32,0,0,2,0.041666666666666664,0.041839599609375,0.00027927139308303595,35.539737701416016,0.9869586825370789,0.07279354333877563
swin_mse_c64_paid_metadata,10.png,9dfb70f5867c29ff9ed6313683f19b3d867849e40fbc0c4c54a4a89df341cf23,10.0,0,3374710692,8192.0,32,0,0,2,0.041666666666666664,0.041839599609375,0.00015522085595875978,38.09049987792969,0.9854388236999512,0.11302497982978821
swin_mse_c64_paid_metadata,10.png,9dfb70f5867c29ff9ed6313683f19b3d867849e40fbc0c4c54a4a89df341cf23,10.0,1,409321142,8192.0,32,0,0,2,0.041666666666666664,0.041839599609375,0.0001608051243238151,37.93700408935547,0.9855556488037109,0.11497774720191956
swin_mse_c64_paid_metadata,10.png,9dfb70f5867c29ff9ed6313683f19b3d867849e40fbc0c4c54a4a89df341cf23,10.0,2,2131250346,8192.0,32,0,0,2,0.041666666666666664,0.041839599609375,0.00015482705202884972,38.101531982421875,0.9856847524642944,0.11510549485683441
swin_mse_c64_paid_metadata,10.png,9dfb70f5867c29ff9ed6313683f19b3d867849e40fbc0c4c54a4a89df341cf23,10.0,3,1470473065,8192.0,32,0,0,2,0.041666666666666664,0.041839599609375,0.00015735604392830282,38.031166076660156,0.9857287406921387,0.1160350888967514
swin_mse_c64_paid_metadata,10.png,9dfb70f5867c29ff9ed6313683f19b3d867849e40fbc0c4c54a4a89df341cf23,10.0,4,1946338102,8192.0,32,0,0,2,0.041666666666666664,0.041839599609375,0.0001606150617590174,37.942138671875,0.9854235053062439,0.11221171170473099
swin_mse_c64_paid_metadata,10.png,9dfb70f5867c29ff9ed6313683f19b3d867849e40fbc0c4c54a4a89df341cf23,10.0,5,1456015652,8192.0,32,0,0,2,0.041666666666666664,0.041839599609375,0.00015808104944881052,38.011199951171875,0.9857909679412842,0.11204695701599121
swin_mse_c64_paid_metadata,10.png,9dfb70f5867c29ff9ed6313683f19b3d867849e40fbc0c4c54a4a89df341cf23,10.0,6,4243984653,8192.0,32,0,0,2,0.041666666666666664,0.041839599609375,0.0001670376368565485,37.77185821533203,0.9856534004211426,0.11783674359321594
swin_mse_c64_paid_metadata,10.png,9dfb70f5867c29ff9ed6313683f19b3d867849e40fbc0c4c54a4a89df341cf23,10.0,7,3446219430,8192.0,32,0,0,2,0.041666666666666664,0.041839599609375,0.00016860972391441464,37.73117446899414,0.9854409694671631,0.112630695104599
swin_mse_c64_paid_metadata,10.png,9dfb70f5867c29ff9ed6313683f19b3d867849e40fbc0c4c54a4a89df341cf23,10.0,8,1930424383,8192.0,32,0,0,2,0.041666666666666664,0.041839599609375,0.0001592680928297341,37.97871398925781,0.9858623743057251,0.11188343912363052
swin_mse_c64_paid_metadata,10.png,9dfb70f5867c29ff9ed6313683f19b3d867849e40fbc0c4c54a4a89df341cf23,10.0,9,2055975759,8192.0,32,0,0,2,0.041666666666666664,0.041839599609375,0.0001551863388158381,38.09146499633789,0.9856025576591492,0.11390576511621475
swin_mse_c64_paid_metadata,11.png,7936814b58b5387fce2e4e2488b4ec830dadd95fa9520f358ddb30990b50f2b6,10.0,0,1127502224,8192.0,32,0,0,2,0.041666666666666664,0.041839599609375,0.002258121268823743,26.462528228759766,0.9631248712539673,0.11924725025892258
swin_mse_c64_paid_metadata,11.png,7936814b58b5387fce2e4e2488b4ec830dadd95fa9520f358ddb30990b50f2b6,10.0,1,2306909146,8192.0,32,0,0,2,0.041666666666666664,0.041839599609375,0.0022687145974487066,26.442203521728516,0.9632310271263123,0.11873885244131088
swin_mse_c64_paid_metadata,11.png,7936814b58b5387fce2e4e2488b4ec830dadd95fa9520f358ddb30990b50f2b6,10.0,2,3010851106,8192.0,32,0,0,2,0.041666666666666664,0.041839599609375,0.002287758979946375,26.40589714050293,0.9619843363761902,0.11903233081102371
swin_mse_c64_paid_metadata,11.png,7936814b58b5387fce2e4e2488b4ec830dadd95fa9520f358ddb30990b50f2b6,10.0,3,2366639502,8192.0,32,0,0,2,0.041666666666666664,0.041839599609375,0.0021952164825052023,26.585227966308594,0.9646539688110352,0.12357881665229797
swin_mse_c64_paid_metadata,11.png,7936814b58b5387fce2e4e2488b4ec830dadd95fa9520f358ddb30990b50f2b6,10.0,4,2282288966,8192.0,32,0,0,2,0.041666666666666664,0.041839599609375,0.0022523277439177036,26.473684310913086,0.9635053873062134,0.12690240144729614
swin_mse_c64_paid_metadata,11.png,7936814b58b5387fce2e4e2488b4ec830dadd95fa9520f358ddb30990b50f2b6,10.0,5,165532962,8192.0,32,0,0,2,0.041666666666666664,0.041839599609375,0.0022924027871340513,26.397090911865234,0.962766170501709,0.12311269342899323
swin_mse_c64_paid_metadata,11.png,7936814b58b5387fce2e4e2488b4ec830dadd95fa9520f358ddb30990b50f2b6,10.0,6,2816088912,8192.0,32,0,0,2,0.041666666666666664,0.041839599609375,0.0022555124014616013,26.467548370361328,0.9636681079864502,0.11626334488391876
swin_mse_c64_paid_metadata,11.png,7936814b58b5387fce2e4e2488b4ec830dadd95fa9520f358ddb30990b50f2b6,10.0,7,1199407916,8192.0,32,0,0,2,0.041666666666666664,0.041839599609375,0.0022262712009251118,26.524219512939453,0.9640876650810242,0.12013939768075943
swin_mse_c64_paid_metadata,11.png,7936814b58b5387fce2e4e2488b4ec830dadd95fa9520f358ddb30990b50f2b6,10.0,8,4120910546,8192.0,32,0,0,2,0.041666666666666664,0.041839599609375,0.00227551581338048,26.429203033447266,0.9626785516738892,0.12843309342861176
swin_mse_c64_paid_metadata,11.png,7936814b58b5387fce2e4e2488b4ec830dadd95fa9520f358ddb30990b50f2b6,10.0,9,2876502802,8192.0,32,0,0,2,0.041666666666666664,0.041839599609375,0.0022509328555315733,26.476375579833984,0.9637619256973267,0.12103314697742462
swin_mse_c64_paid_metadata,12.png,d78c37c2f04f23761ed2367dd77e2db584ddd4c3950833fecf89f199a8126980,10.0,0,1682552359,8192.0,32,0,0,2,0.041666666666666664,0.041839599609375,0.0005340540665201843,32.72414779663086,0.9712496995925903,0.11530475318431854
swin_mse_c64_paid_metadata,12.png,d78c37c2f04f23761ed2367dd77e2db584ddd4c3950833fecf89f199a8126980,10.0,1,2929733675,8192.0,32,0,0,2,0.041666666666666664,0.041839599609375,0.0005353505839593709,32.713619232177734,0.9714306592941284,0.11176296323537827
swin_mse_c64_paid_metadata,12.png,d78c37c2f04f23761ed2367dd77e2db584ddd4c3950833fecf89f199a8126980,10.0,2,3807790163,8192.0,32,0,0,2,0.041666666666666664,0.041839599609375,0.0005299409385770559,32.75772476196289,0.9707247614860535,0.11440856754779816
swin_mse_c64_paid_metadata,12.png,d78c37c2f04f23761ed2367dd77e2db584ddd4c3950833fecf89f199a8126980,10.0,3,2340297161,8192.0,32,0,0,2,0.041666666666666664,0.041839599609375,0.0005310996784828603,32.74823760986328,0.9708720445632935,0.11812186241149902
swin_mse_c64_paid_metadata,12.png,d78c37c2f04f23761ed2367dd77e2db584ddd4c3950833fecf89f199a8126980,10.0,4,405831481,8192.0,32,0,0,2,0.041666666666666664,0.041839599609375,0.0005350139690563083,32.71635055541992,0.9705700278282166,0.11914840340614319
swin_mse_c64_paid_metadata,12.png,d78c37c2f04f23761ed2367dd77e2db584ddd4c3950833fecf89f199a8126980,10.0,5,3554213597,8192.0,32,0,0,2,0.041666666666666664,0.041839599609375,0.0005407691933214664,32.669883728027344,0.9708451628684998,0.11160609871149063
swin_mse_c64_paid_metadata,12.png,d78c37c2f04f23761ed2367dd77e2db584ddd4c3950833fecf89f199a8126980,10.0,6,3343489365,8192.0,32,0,0,2,0.041666666666666664,0.041839599609375,0.0005363661330193281,32.705387115478516,0.9711353778839111,0.11469070613384247
swin_mse_c64_paid_metadata,12.png,d78c37c2f04f23761ed2367dd77e2db584ddd4c3950833fecf89f199a8126980,10.0,7,1819240151,8192.0,32,0,0,2,0.041666666666666664,0.041839599609375,0.0005394995678216219,32.68008804321289,0.9712034463882446,0.11005203425884247
swin_mse_c64_paid_metadata,12.png,d78c37c2f04f23761ed2367dd77e2db584ddd4c3950833fecf89f199a8126980,10.0,8,2233127235,8192.0,32,0,0,2,0.041666666666666664,0.041839599609375,0.0005538871046155691,32.56578826904297,0.9706987738609314,0.11589260399341583
swin_mse_c64_paid_metadata,12.png,d78c37c2f04f23761ed2367dd77e2db584ddd4c3950833fecf89f199a8126980,10.0,9,13351170,8192.0,32,0,0,2,0.041666666666666664,0.041839599609375,0.0005304719670675695,32.75337600708008,0.9712076187133789,0.11800133436918259
swin_mse_c64_paid_metadata,13.png,bc34a3ce58dea09dce1704c997171602de90cb34d0c8503a988b77f473d39b08,10.0,0,2522715622,8192.0,32,0,0,2,0.041666666666666664,0.041839599609375,0.0035941030364483595,24.444095611572266,0.9372998476028442,0.2795853912830353
swin_mse_c64_paid_metadata,13.png,bc34a3ce58dea09dce1704c997171602de90cb34d0c8503a988b77f473d39b08,10.0,1,1741200451,8192.0,32,0,0,2,0.041666666666666664,0.041839599609375,0.003601246979087591,24.43547248840332,0.9371814727783203,0.2801678776741028
swin_mse_c64_paid_metadata,13.png,bc34a3ce58dea09dce1704c997171602de90cb34d0c8503a988b77f473d39b08,10.0,2,4079509013,8192.0,32,0,0,2,0.041666666666666664,0.041839599609375,0.0036304655950516462,24.40037727355957,0.93631911277771,0.29264962673187256
swin_mse_c64_paid_metadata,13.png,bc34a3ce58dea09dce1704c997171602de90cb34d0c8503a988b77f473d39b08,10.0,3,1857418974,8192.0,32,0,0,2,0.041666666666666664,0.041839599609375,0.0036406368017196655,24.388227462768555,0.9337124228477478,0.2917132079601288
swin_mse_c64_paid_metadata,13.png,bc34a3ce58dea09dce1704c997171602de90cb34d0c8503a988b77f473d39b08,10.0,4,3480570953,8192.0,32,0,0,2,0.041666666666666664,0.041839599609375,0.0035831888671964407,24.457304000854492,0.9368367195129395,0.2682013213634491
swin_mse_c64_paid_metadata,13.png,bc34a3ce58dea09dce1704c997171602de90cb34d0c8503a988b77f473d39b08,10.0,5,1949830973,8192.0,32,0,0,2,0.041666666666666664,0.041839599609375,0.0036054502706974745,24.43040657043457,0.9374248385429382,0.27646806836128235
swin_mse_c64_paid_metadata,13.png,bc34a3ce58dea09dce1704c997171602de90cb34d0c8503a988b77f473d39b08,10.0,6,375739204,8192.0,32,0,0,2,0.041666666666666664,0.041839599609375,0.0036418247036635876,24.386810302734375,0.9354662895202637,0.28183645009994507
swin_mse_c64_paid_metadata,13.png,bc34a3ce58dea09dce1704c997171602de90cb34d0c8503a988b77f473d39b08,10.0,7,4275580336,8192.0,32,0,0,2,0.041666666666666664,0.041839599609375,0.0036330376751720905,24.397300720214844,0.9357101321220398,0.2855127155780792
swin_mse_c64_paid_metadata,13.png,bc34a3ce58dea09dce1704c997171602de90cb34d0c8503a988b77f473d39b08,10.0,8,2740739256,8192.0,32,0,0,2,0.041666666666666664,0.041839599609375,0.003585123224183917,24.454957962036133,0.9372808337211609,0.2879045903682709
swin_mse_c64_paid_metadata,13.png,bc34a3ce58dea09dce1704c997171602de90cb34d0c8503a988b77f473d39b08,10.0,9,203274960,8192.0,32,0,0,2,0.041666666666666664,0.041839599609375,0.0036112642847001553,24.42340850830078,0.9373351335525513,0.2704242467880249
swin_mse_c64_paid_metadata,14.png,55a94550ff18f3246c4074fd32b77b0c74447c26b6ad274d564d999c0450ba6e,10.0,0,1758693450,8192.0,32,0,0,2,0.041666666666666664,0.041839599609375,0.0019329977221786976,27.13768768310547,0.9635108709335327,0.10183089971542358
swin_mse_c64_paid_metadata,14.png,55a94550ff18f3246c4074fd32b77b0c74447c26b6ad274d564d999c0450ba6e,10.0,1,1081828396,8192.0,32,0,0,2,0.041666666666666664,0.041839599609375,0.0018695620819926262,27.282602310180664,0.9647616147994995,0.09659470617771149
swin_mse_c64_paid_metadata,14.png,55a94550ff18f3246c4074fd32b77b0c74447c26b6ad274d564d999c0450ba6e,10.0,2,634773759,8192.0,32,0,0,2,0.041666666666666664,0.041839599609375,0.0018811493646353483,27.255765914916992,0.965471625328064,0.10042284429073334
swin_mse_c64_paid_metadata,14.png,55a94550ff18f3246c4074fd32b77b0c74447c26b6ad274d564d999c0450ba6e,10.0,3,730940040,8192.0,32,0,0,2,0.041666666666666664,0.041839599609375,0.0019408775260671973,27.120019912719727,0.96342933177948,0.0934753566980362
swin_mse_c64_paid_metadata,14.png,55a94550ff18f3246c4074fd32b77b0c74447c26b6ad274d564d999c0450ba6e,10.0,4,98911195,8192.0,32,0,0,2,0.041666666666666664,0.041839599609375,0.0019036626908928156,27.2041015625,0.964021623134613,0.1057860404253006
swin_mse_c64_paid_metadata,14.png,55a94550ff18f3246c4074fd32b77b0c74447c26b6ad274d564d999c0450ba6e,10.0,5,2897249102,8192.0,32,0,0,2,0.041666666666666664,0.041839599609375,0.0018346502911299467,27.36446762084961,0.9652838706970215,0.10075182467699051
swin_mse_c64_paid_metadata,14.png,55a94550ff18f3246c4074fd32b77b0c74447c26b6ad274d564d999c0450ba6e,10.0,6,2644997923,8192.0,32,0,0,2,0.041666666666666664,0.041839599609375,0.001869367784820497,27.28305435180664,0.9653325080871582,0.10427463799715042
swin_mse_c64_paid_metadata,14.png,55a94550ff18f3246c4074fd32b77b0c74447c26b6ad274d564d999c0450ba6e,10.0,7,2729052104,8192.0,32,0,0,2,0.041666666666666664,0.041839599609375,0.001866928650997579,27.28872299194336,0.9650506973266602,0.10029451549053192
swin_mse_c64_paid_metadata,14.png,55a94550ff18f3246c4074fd32b77b0c74447c26b6ad274d564d999c0450ba6e,10.0,8,920219466,8192.0,32,0,0,2,0.041666666666666664,0.041839599609375,0.001823894213885069,27.390003204345703,0.9657418131828308,0.10112321376800537
swin_mse_c64_paid_metadata,14.png,55a94550ff18f3246c4074fd32b77b0c74447c26b6ad274d564d999c0450ba6e,10.0,9,326397430,8192.0,32,0,0,2,0.041666666666666664,0.041839599609375,0.001873534987680614,27.27338409423828,0.9653249979019165,0.10175389051437378
swin_mse_c64_paid_metadata,15.png,7538cbb80cb9103606c48b806eae57d56c885c7f90b9b3be70a41160f9cbb683,10.0,0,237980731,8192.0,32,0,0,2,0.041666666666666664,0.041839599609375,0.0007161092944443226,31.450206756591797,0.9740033149719238,0.15192972123622894
swin_mse_c64_paid_metadata,15.png,7538cbb80cb9103606c48b806eae57d56c885c7f90b9b3be70a41160f9cbb683,10.0,1,4054662379,8192.0,32,0,0,2,0.041666666666666664,0.041839599609375,0.0006984499050304294,31.55864906311035,0.974151611328125,0.15556910634040833
swin_mse_c64_paid_metadata,15.png,7538cbb80cb9103606c48b806eae57d56c885c7f90b9b3be70a41160f9cbb683,10.0,2,1155371728,8192.0,32,0,0,2,0.041666666666666664,0.041839599609375,0.0007038169424049556,31.52540397644043,0.9742038249969482,0.14444565773010254
swin_mse_c64_paid_metadata,15.png,7538cbb80cb9103606c48b806eae57d56c885c7f90b9b3be70a41160f9cbb683,10.0,3,96593979,8192.0,32,0,0,2,0.041666666666666664,0.041839599609375,0.0007021698984317482,31.535579681396484,0.9745237827301025,0.15199324488639832
swin_mse_c64_paid_metadata,15.png,7538cbb80cb9103606c48b806eae57d56c885c7f90b9b3be70a41160f9cbb683,10.0,4,2100200752,8192.0,32,0,0,2,0.041666666666666664,0.041839599609375,0.0007132119499146938,31.467815399169922,0.9739428758621216,0.14343757927417755
swin_mse_c64_paid_metadata,15.png,7538cbb80cb9103606c48b806eae57d56c885c7f90b9b3be70a41160f9cbb683,10.0,5,190606018,8192.0,32,0,0,2,0.041666666666666664,0.041839599609375,0.0007165874121710658,31.447307586669922,0.9732874631881714,0.1429174542427063
swin_mse_c64_paid_metadata,15.png,7538cbb80cb9103606c48b806eae57d56c885c7f90b9b3be70a41160f9cbb683,10.0,6,343758749,8192.0,32,0,0,2,0.041666666666666664,0.041839599609375,0.0007140104426071048,31.462955474853516,0.9741992354393005,0.1542348861694336
swin_mse_c64_paid_metadata,15.png,7538cbb80cb9103606c48b806eae57d56c885c7f90b9b3be70a41160f9cbb683,10.0,7,321485007,8192.0,32,0,0,2,0.041666666666666664,0.041839599609375,0.0007161138346418738,31.450180053710938,0.9733890891075134,0.1520729809999466
swin_mse_c64_paid_metadata,15.png,7538cbb80cb9103606c48b806eae57d56c885c7f90b9b3be70a41160f9cbb683,10.0,8,1212280397,8192.0,32,0,0,2,0.041666666666666664,0.041839599609375,0.0007151185418479145,31.456220626831055,0.974507212638855,0.14938496053218842
swin_mse_c64_paid_metadata,15.png,7538cbb80cb9103606c48b806eae57d56c885c7f90b9b3be70a41160f9cbb683,10.0,9,1309514446,8192.0,32,0,0,2,0.041666666666666664,0.041839599609375,0.0007029810221865773,31.530563354492188,0.9739898443222046,0.15222510695457458
swin_mse_c64_paid_metadata,16.png,a89c7268ccd4718ba424a99fc4643c572cf692ca6eae887185ceb4e9f11d2e54,10.0,0,3346641008,8192.0,32,0,0,2,0.041666666666666664,0.041839599609375,0.0006256361375562847,32.036781311035156,0.9728609919548035,0.13132287561893463
swin_mse_c64_paid_metadata,16.png,a89c7268ccd4718ba424a99fc4643c572cf692ca6eae887185ceb4e9f11d2e54,10.0,1,2677815941,8192.0,32,0,0,2,0.041666666666666664,0.041839599609375,0.000615286931861192,32.109222412109375,0.9732990264892578,0.12903782725334167
swin_mse_c64_paid_metadata,16.png,a89c7268ccd4718ba424a99fc4643c572cf692ca6eae887185ceb4e9f11d2e54,10.0,2,2426752320,8192.0,32,0,0,2,0.041666666666666664,0.041839599609375,0.0006135485018603504,32.12150955200195,0.9734752178192139,0.12675312161445618
swin_mse_c64_paid_metadata,16.png,a89c7268ccd4718ba424a99fc4643c572cf692ca6eae887185ceb4e9f11d2e54,10.0,3,3547035537,8192.0,32,0,0,2,0.041666666666666664,0.041839599609375,0.0006195246241986752,32.07941436767578,0.9727014303207397,0.13006821274757385
swin_mse_c64_paid_metadata,16.png,a89c7268ccd4718ba424a99fc4643c572cf692ca6eae887185ceb4e9f11d2e54,10.0,4,1374609838,8192.0,32,0,0,2,0.041666666666666664,0.041839599609375,0.0006217402406036854,32.06391143798828,0.973177433013916,0.13056480884552002
swin_mse_c64_paid_metadata,16.png,a89c7268ccd4718ba424a99fc4643c572cf692ca6eae887185ceb4e9f11d2e54,10.0,5,1280354766,8192.0,32,0,0,2,0.041666666666666664,0.041839599609375,0.0006082479376345873,32.15919494628906,0.973207414150238,0.12556928396224976
swin_mse_c64_paid_metadata,16.png,a89c7268ccd4718ba424a99fc4643c572cf692ca6eae887185ceb4e9f11d2e54,10.0,6,2514716410,8192.0,32,0,0,2,0.041666666666666664,0.041839599609375,0.0006116568110883236,32.13492202758789,0.9734721183776855,0.12761911749839783
swin_mse_c64_paid_metadata,16.png,a89c7268ccd4718ba424a99fc4643c572cf692ca6eae887185ceb4e9f11d2e54,10.0,7,2749392478,8192.0,32,0,0,2,0.041666666666666664,0.041839599609375,0.0006170211127027869,32.09700012207031,0.9735886454582214,0.13039465248584747
swin_mse_c64_paid_metadata,16.png,a89c7268ccd4718ba424a99fc4643c572cf692ca6eae887185ceb4e9f11d2e54,10.0,8,3363835152,8192.0,32,0,0,2,0.041666666666666664,0.041839599609375,0.0006181063945405185,32.08937072753906,0.9736002683639526,0.12813948094844818
swin_mse_c64_paid_metadata,16.png,a89c7268ccd4718ba424a99fc4643c572cf692ca6eae887185ceb4e9f11d2e54,10.0,9,1172061299,8192.0,32,0,0,2,0.041666666666666664,0.041839599609375,0.0006294026388786733,32.01071548461914,0.9726094603538513,0.1253841370344162
swin_mse_c64_paid_metadata,17.png,37afcc89fbdcb76d9518e04b2fc011027e2f4cd14b3b2f83cefd721641a47c5b,10.0,0,2244636175,8192.0,32,0,0,2,0.041666666666666664,0.041839599609375,0.0004582808760460466,33.3886833190918,0.9822601079940796,0.09850431233644485
swin_mse_c64_paid_metadata,17.png,37afcc89fbdcb76d9518e04b2fc011027e2f4cd14b3b2f83cefd721641a47c5b,10.0,1,1524062667,8192.0,32,0,0,2,0.041666666666666664,0.041839599609375,0.0004668169131036848,33.30853271484375,0.9819580316543579,0.09586437046527863
swin_mse_c64_paid_metadata,17.png,37afcc89fbdcb76d9518e04b2fc011027e2f4cd14b3b2f83cefd721641a47c5b,10.0,2,1497657961,8192.0,32,0,0,2,0.041666666666666664,0.041839599609375,0.00045224407222121954,33.44627380371094,0.9820871353149414,0.10196281969547272
swin_mse_c64_paid_metadata,17.png,37afcc89fbdcb76d9518e04b2fc011027e2f4cd14b3b2f83cefd721641a47c5b,10.0,3,4007124,8192.0,32,0,0,2,0.041666666666666664,0.041839599609375,0.00046209245920181274,33.35271453857422,0.9821604490280151,0.10556133091449738
swin_mse_c64_paid_metadata,17.png,37afcc89fbdcb76d9518e04b2fc011027e2f4cd14b3b2f83cefd721641a47c5b,10.0,4,623009007,8192.0,32,0,0,2,0.041666666666666664,0.041839599609375,0.00046647278941236436,33.311737060546875,0.9818495512008667,0.10297170281410217
swin_mse_c64_paid_metadata,17.png,37afcc89fbdcb76d9518e04b2fc011027e2f4cd14b3b2f83cefd721641a47c5b,10.0,5,743549296,8192.0,32,0,0,2,0.041666666666666664,0.041839599609375,0.00046046890201978385,33.36800003051758,0.9819211959838867,0.10044451057910919
swin_mse_c64_paid_metadata,17.png,37afcc89fbdcb76d9518e04b2fc011027e2f4cd14b3b2f83cefd721641a47c5b,10.0,6,2397878083,8192.0,32,0,0,2,0.041666666666666664,0.041839599609375,0.0004584162379615009,33.38740158081055,0.9820729494094849,0.10023791342973709
swin_mse_c64_paid_metadata,17.png,37afcc89fbdcb76d9518e04b2fc011027e2f4cd14b3b2f83cefd721641a47c5b,10.0,7,2062833757,8192.0,32,0,0,2,0.041666666666666664,0.041839599609375,0.0004507795674726367,33.460357666015625,0.9819747805595398,0.1065523773431778
swin_mse_c64_paid_metadata,17.png,37afcc89fbdcb76d9518e04b2fc011027e2f4cd14b3b2f83cefd721641a47c5b,10.0,8,3251746405,8192.0,32,0,0,2,0.041666666666666664,0.041839599609375,0.00046100359759293497,33.36295700073242,0.9819814562797546,0.10450802743434906
swin_mse_c64_paid_metadata,17.png,37afcc89fbdcb76d9518e04b2fc011027e2f4cd14b3b2f83cefd721641a47c5b,10.0,9,577317050,8192.0,32,0,0,2,0.041666666666666664,0.041839599609375,0.0004591040196828544,33.380889892578125,0.9821624755859375,0.10292601585388184
swin_mse_c64_paid_metadata,18.png,1a9258c365988961d87a0598725b609139c303ad48a5aad6c503c3b1a87849aa,10.0,0,3653475839,8192.0,32,0,0,2,0.041666666666666664,0.041839599609375,0.0018727208953350782,27.275272369384766,0.9704828262329102,0.12976959347724915
swin_mse_c64_paid_metadata,18.png,1a9258c365988961d87a0598725b609139c303ad48a5aad6c503c3b1a87849aa,10.0,1,2171210464,8192.0,32,0,0,2,0.041666666666666664,0.041839599609375,0.0019018712919205427,27.20819091796875,0.969252347946167,0.12376584857702255
swin_mse_c64_paid_metadata,18.png,1a9258c365988961d87a0598725b609139c303ad48a5aad6c503c3b1a87849aa,10.0,2,3372384775,8192.0,32,0,0,2,0.041666666666666664,0.041839599609375,0.0019028724636882544,27.20590591430664,0.9689463376998901,0.12198007106781006
swin_mse_c64_paid_metadata,18.png,1a9258c365988961d87a0598725b609139c303ad48a5aad6c503c3b1a87849aa,10.0,3,3743537959,8192.0,32,0,0,2,0.041666666666666664,0.041839599609375,0.0018725802656263113,27.275596618652344,0.9702836275100708,0.12563887238502502
swin_mse_c64_paid_metadata,18.png,1a9258c365988961d87a0598725b609139c303ad48a5aad6c503c3b1a87849aa,10.0,4,351674526,8192.0,32,0,0,2,0.041666666666666664,0.041839599609375,0.001870355918072164,27.280759811401367,0.9702042937278748,0.12089008092880249
swin_mse_c64_paid_metadata,18.png,1a9258c365988961d87a0598725b609139c303ad48a5aad6c503c3b1a87849aa,10.0,5,4163661445,8192.0,32,0,0,2,0.041666666666666664,0.041839599609375,0.0018503835890442133,27.327383041381836,0.9692937731742859,0.12516899406909943
swin_mse_c64_paid_metadata,18.png,1a9258c365988961d87a0598725b609139c303ad48a5aad6c503c3b1a87849aa,10.0,6,4250322974,8192.0,32,0,0,2,0.041666666666666664,0.041839599609375,0.001902296207845211,27.20722007751465,0.9699759483337402,0.12331314384937286
swin_mse_c64_paid_metadata,18.png,1a9258c365988961d87a0598725b609139c303ad48a5aad6c503c3b1a87849aa,10.0,7,3195393896,8192.0,32,0,0,2,0.041666666666666664,0.041839599609375,0.0019525950774550438,27.0938777923584,0.967936635017395,0.12488090991973877
swin_mse_c64_paid_metadata,18.png,1a9258c365988961d87a0598725b609139c303ad48a5aad6c503c3b1a87849aa,10.0,8,3148541972,8192.0,32,0,0,2,0.041666666666666664,0.041839599609375,0.0018691436853259802,27.283573150634766,0.9692978858947754,0.12300889194011688
swin_mse_c64_paid_metadata,18.png,1a9258c365988961d87a0598725b609139c303ad48a5aad6c503c3b1a87849aa,10.0,9,220469593,8192.0,32,0,0,2,0.041666666666666664,0.041839599609375,0.0018763786647468805,27.266796112060547,0.9688712954521179,0.12701308727264404
swin_mse_c64_paid_metadata,19.png,b7450b264b1b0a411390d8931b112c27905a992520fc90569dc4b920aa32bbdc,10.0,0,1738308252,8192.0,32,0,0,2,0.041666666666666664,0.041839599609375,0.0008546947501599789,30.68189239501953,0.9763054847717285,0.08904251456260681
swin_mse_c64_paid_metadata,19.png,b7450b264b1b0a411390d8931b112c27905a992520fc90569dc4b920aa32bbdc,10.0,1,2805130335,8192.0,32,0,0,2,0.041666666666666664,0.041839599609375,0.0008484704303555191,30.713634490966797,0.9763345718383789,0.0869002640247345
swin_mse_c64_paid_metadata,19.png,b7450b264b1b0a411390d8931b112c27905a992520fc90569dc4b920aa32bbdc,10.0,2,3492284270,8192.0,32,0,0,2,0.041666666666666664,0.041839599609375,0.0008571031503379345,30.66967010498047,0.9763598442077637,0.09267985820770264
swin_mse_c64_paid_metadata,19.png,b7450b264b1b0a411390d8931b112c27905a992520fc90569dc4b920aa32bbdc,10.0,3,1813751235,8192.0,32,0,0,2,0.041666666666666664,0.041839599609375,0.0008514061337336898,30.698633193969727,0.9762320518493652,0.08520303666591644
swin_mse_c64_paid_metadata,19.png,b7450b264b1b0a411390d8931b112c27905a992520fc90569dc4b920aa32bbdc,10.0,4,3811650184,8192.0,32,0,0,2,0.041666666666666664,0.041839599609375,0.0008533675572834909,30.688640594482422,0.9764889478683472,0.0866459459066391
swin_mse_c64_paid_metadata,19.png,b7450b264b1b0a411390d8931b112c27905a992520fc90569dc4b920aa32bbdc,10.0,5,1397263039,8192.0,32,0,0,2,0.041666666666666664,0.041839599609375,0.0008670442039147019,30.619586944580078,0.9762091040611267,0.08571474254131317
swin_mse_c64_paid_metadata,19.png,b7450b264b1b0a411390d8931b112c27905a992520fc90569dc4b920aa32bbdc,10.0,6,1028235785,8192.0,32,0,0,2,0.041666666666666664,0.041839599609375,0.0008560555288568139,30.67498016357422,0.9757654070854187,0.08921901136636734
swin_mse_c64_paid_metadata,19.png,b7450b264b1b0a411390d8931b112c27905a992520fc90569dc4b920aa32bbdc,10.0,7,3547874736,8192.0,32,0,0,2,0.041666666666666664,0.041839599609375,0.0008632616954855621,30.638578414916992,0.9761342406272888,0.09331494569778442
swin_mse_c64_paid_metadata,19.png,b7450b264b1b0a411390d8931b112c27905a992520fc90569dc4b920aa32bbdc,10.0,8,2711875047,8192.0,32,0,0,2,0.041666666666666664,0.041839599609375,0.000858127954415977,30.664480209350586,0.9764649271965027,0.08535175770521164
swin_mse_c64_paid_metadata,19.png,b7450b264b1b0a411390d8931b112c27905a992520fc90569dc4b920aa32bbdc,10.0,9,3432091270,8192.0,32,0,0,2,0.041666666666666664,0.041839599609375,0.0008741099154576659,30.584339141845703,0.9766136407852173,0.0820583775639534
swin_mse_c64_paid_metadata,20.png,3b46c71e3b92a563820ba32936be8330c586c41f938efd94be938386aae4328a,10.0,0,2477261111,8192.0,32,0,0,2,0.041666666666666664,0.041839599609375,0.0005984588642604649,32.22965621948242,0.9840123057365417,0.06116895377635956
swin_mse_c64_paid_metadata,20.png,3b46c71e3b92a563820ba32936be8330c586c41f938efd94be938386aae4328a,10.0,1,1798798790,8192.0,32,0,0,2,0.041666666666666664,0.041839599609375,0.0005899482639506459,32.29186248779297,0.984203040599823,0.06210904195904732
swin_mse_c64_paid_metadata,20.png,3b46c71e3b92a563820ba32936be8330c586c41f938efd94be938386aae4328a,10.0,2,1317498584,8192.0,32,0,0,2,0.041666666666666664,0.041839599609375,0.0005961769493296742,32.24625015258789,0.9840960502624512,0.05753782391548157
swin_mse_c64_paid_metadata,20.png,3b46c71e3b92a563820ba32936be8330c586c41f938efd94be938386aae4328a,10.0,3,1298122109,8192.0,32,0,0,2,0.041666666666666664,0.041839599609375,0.0005854370538145304,32.325199127197266,0.9843554496765137,0.05710267275571823
swin_mse_c64_paid_metadata,20.png,3b46c71e3b92a563820ba32936be8330c586c41f938efd94be938386aae4328a,10.0,4,1918221466,8192.0,32,0,0,2,0.041666666666666664,0.041839599609375,0.0005897992523387074,32.29296112060547,0.9841334223747253,0.0584188848733902
swin_mse_c64_paid_metadata,20.png,3b46c71e3b92a563820ba32936be8330c586c41f938efd94be938386aae4328a,10.0,5,1979481508,8192.0,32,0,0,2,0.041666666666666664,0.041839599609375,0.0005861165700480342,32.320159912109375,0.9842896461486816,0.05924074351787567
swin_mse_c64_paid_metadata,20.png,3b46c71e3b92a563820ba32936be8330c586c41f938efd94be938386aae4328a,10.0,6,2311285406,8192.0,32,0,0,2,0.041666666666666664,0.041839599609375,0.0005803261301480234,32.36328125,0.9840816259384155,0.0600014254450798
swin_mse_c64_paid_metadata,20.png,3b46c71e3b92a563820ba32936be8330c586c41f938efd94be938386aae4328a,10.0,7,1336487881,8192.0,32,0,0,2,0.041666666666666664,0.041839599609375,0.0005739993648603559,32.410884857177734,0.9843025207519531,0.05787966027855873
swin_mse_c64_paid_metadata,20.png,3b46c71e3b92a563820ba32936be8330c586c41f938efd94be938386aae4328a,10.0,8,3773748763,8192.0,32,0,0,2,0.041666666666666664,0.041839599609375,0.0005808802088722587,32.359134674072266,0.9840356111526489,0.05818028748035431
swin_mse_c64_paid_metadata,20.png,3b46c71e3b92a563820ba32936be8330c586c41f938efd94be938386aae4328a,10.0,9,1079367708,8192.0,32,0,0,2,0.041666666666666664,0.041839599609375,0.0005804395768791437,32.362430572509766,0.9839879870414734,0.06217819079756737
swin_mse_c64_paid_metadata,21.png,ac958597c82073f6bb65129c68f72b651db5b9efd82e11547d07350214bc268b,10.0,0,284144924,8192.0,32,0,0,2,0.041666666666666664,0.041839599609375,0.0014643599279224873,28.343523025512695,0.9736589789390564,0.12986543774604797
swin_mse_c64_paid_metadata,21.png,ac958597c82073f6bb65129c68f72b651db5b9efd82e11547d07350214bc268b,10.0,1,76569925,8192.0,32,0,0,2,0.041666666666666664,0.041839599609375,0.0014723943313583732,28.319759368896484,0.9733748435974121,0.13736440241336823
swin_mse_c64_paid_metadata,21.png,ac958597c82073f6bb65129c68f72b651db5b9efd82e11547d07350214bc268b,10.0,2,3913490350,8192.0,32,0,0,2,0.041666666666666664,0.041839599609375,0.0014497673837468028,28.38701629638672,0.9736372232437134,0.13624633848667145
swin_mse_c64_paid_metadata,21.png,ac958597c82073f6bb65129c68f72b651db5b9efd82e11547d07350214bc268b,10.0,3,2531737571,8192.0,32,0,0,2,0.041666666666666664,0.041839599609375,0.0014663295587524772,28.33768653869629,0.974055290222168,0.12972575426101685
swin_mse_c64_paid_metadata,21.png,ac958597c82073f6bb65129c68f72b651db5b9efd82e11547d07350214bc268b,10.0,4,3817100921,8192.0,32,0,0,2,0.041666666666666664,0.041839599609375,0.0014594331150874496,28.358158111572266,0.9738142490386963,0.12935279309749603
swin_mse_c64_paid_metadata,21.png,ac958597c82073f6bb65129c68f72b651db5b9efd82e11547d07350214bc268b,10.0,5,3753452969,8192.0,32,0,0,2,0.041666666666666664,0.041839599609375,0.0014600956346839666,28.35618782043457,0.9741873741149902,0.12629200518131256
swin_mse_c64_paid_metadata,21.png,ac958597c82073f6bb65129c68f72b651db5b9efd82e11547d07350214bc268b,10.0,6,2533252389,8192.0,32,0,0,2,0.041666666666666664,0.041839599609375,0.001460730447433889,28.354299545288086,0.9733182787895203,0.12674178183078766
swin_mse_c64_paid_metadata,21.png,ac958597c82073f6bb65129c68f72b651db5b9efd82e11547d07350214bc268b,10.0,7,1746475964,8192.0,32,0,0,2,0.041666666666666664,0.041839599609375,0.0014650234952569008,28.341556549072266,0.9735065698623657,0.13260537385940552
swin_mse_c64_paid_metadata,21.png,ac958597c82073f6bb65129c68f72b651db5b9efd82e11547d07350214bc268b,10.0,8,4175953374,8192.0,32,0,0,2,0.041666666666666664,0.041839599609375,0.0014724303036928177,28.31965446472168,0.9733799695968628,0.13099510967731476
swin_mse_c64_paid_metadata,21.png,ac958597c82073f6bb65129c68f72b651db5b9efd82e11547d07350214bc268b,10.0,9,2925490205,8192.0,32,0,0,2,0.041666666666666664,0.041839599609375,0.0014439518563449383,28.40447235107422,0.9747750163078308,0.12909024953842163
swin_mse_c64_paid_metadata,22.png,1cee58eb1f2d9c7ebb254d208a03c783ce6cf2c4d8c2cf45e235dd23b4ce1b29,10.0,0,2527426160,8192.0,32,0,0,2,0.041666666666666664,0.041839599609375,0.0010728089837357402,29.69477653503418,0.9621391296386719,0.14554363489151
swin_mse_c64_paid_metadata,22.png,1cee58eb1f2d9c7ebb254d208a03c783ce6cf2c4d8c2cf45e235dd23b4ce1b29,10.0,1,589565448,8192.0,32,0,0,2,0.041666666666666664,0.041839599609375,0.0010754787363111973,29.683982849121094,0.9633870124816895,0.14424051344394684
swin_mse_c64_paid_metadata,22.png,1cee58eb1f2d9c7ebb254d208a03c783ce6cf2c4d8c2cf45e235dd23b4ce1b29,10.0,2,519147507,8192.0,32,0,0,2,0.041666666666666664,0.041839599609375,0.0010827991645783186,29.654521942138672,0.9633437991142273,0.13939562439918518
swin_mse_c64_paid_metadata,22.png,1cee58eb1f2d9c7ebb254d208a03c783ce6cf2c4d8c2cf45e235dd23b4ce1b29,10.0,3,3541355680,8192.0,32,0,0,2,0.041666666666666664,0.041839599609375,0.0010776577983051538,29.675193786621094,0.963040828704834,0.13623222708702087
swin_mse_c64_paid_metadata,22.png,1cee58eb1f2d9c7ebb254d208a03c783ce6cf2c4d8c2cf45e235dd23b4ce1b29,10.0,4,4293724753,8192.0,32,0,0,2,0.041666666666666664,0.041839599609375,0.0010848501697182655,29.646303176879883,0.9629886150360107,0.14163611829280853
swin_mse_c64_paid_metadata,22.png,1cee58eb1f2d9c7ebb254d208a03c783ce6cf2c4d8c2cf45e235dd23b4ce1b29,10.0,5,29699804,8192.0,32,0,0,2,0.041666666666666664,0.041839599609375,0.0010753883980214596,29.684349060058594,0.9627125263214111,0.14347797632217407
swin_mse_c64_paid_metadata,22.png,1cee58eb1f2d9c7ebb254d208a03c783ce6cf2c4d8c2cf45e235dd23b4ce1b29,10.0,6,544565525,8192.0,32,0,0,2,0.041666666666666664,0.041839599609375,0.0010656238300725818,29.723960876464844,0.9636170864105225,0.14317190647125244
swin_mse_c64_paid_metadata,22.png,1cee58eb1f2d9c7ebb254d208a03c783ce6cf2c4d8c2cf45e235dd23b4ce1b29,10.0,7,1700080220,8192.0,32,0,0,2,0.041666666666666664,0.041839599609375,0.0010712611256167293,29.701045989990234,0.9631481170654297,0.1401996612548828
swin_mse_c64_paid_metadata,22.png,1cee58eb1f2d9c7ebb254d208a03c783ce6cf2c4d8c2cf45e235dd23b4ce1b29,10.0,8,2403268126,8192.0,32,0,0,2,0.041666666666666664,0.041839599609375,0.0010813449043780565,29.660358428955078,0.9632202982902527,0.1478545218706131
swin_mse_c64_paid_metadata,22.png,1cee58eb1f2d9c7ebb254d208a03c783ce6cf2c4d8c2cf45e235dd23b4ce1b29,10.0,9,313913239,8192.0,32,0,0,2,0.041666666666666664,0.041839599609375,0.0010825387435033917,29.655567169189453,0.9627436995506287,0.1558193564414978
swin_mse_c64_paid_metadata,23.png,e3111a2fd4da24af15d6459ef9eacfe54106b38e27b4a21821b75c3f5d2d5baf,10.0,0,3695447046,8192.0,32,0,0,2,0.041666666666666664,0.041839599609375,0.00036621777690015733,34.362606048583984,0.9866305589675903,0.09657176584005356
swin_mse_c64_paid_metadata,23.png,e3111a2fd4da24af15d6459ef9eacfe54106b38e27b4a21821b75c3f5d2d5baf,10.0,1,838584622,8192.0,32,0,0,2,0.041666666666666664,0.041839599609375,0.00034876615973189473,34.57465744018555,0.9870946407318115,0.09874961525201797
swin_mse_c64_paid_metadata,23.png,e3111a2fd4da24af15d6459ef9eacfe54106b38e27b4a21821b75c3f5d2d5baf,10.0,2,1898819104,8192.0,32,0,0,2,0.041666666666666664,0.041839599609375,0.00036704359808936715,34.35282516479492,0.9868109226226807,0.09206559509038925
swin_mse_c64_paid_metadata,23.png,e3111a2fd4da24af15d6459ef9eacfe54106b38e27b4a21821b75c3f5d2d5baf,10.0,3,1565778165,8192.0,32,0,0,2,0.041666666666666664,0.041839599609375,0.0003642077499534935,34.38650894165039,0.9869704246520996,0.09669401496648788
swin_mse_c64_paid_metadata,23.png,e3111a2fd4da24af15d6459ef9eacfe54106b38e27b4a21821b75c3f5d2d5baf,10.0,4,2267904884,8192.0,32,0,0,2,0.041666666666666664,0.041839599609375,0.00035014873719774187,34.557472229003906,0.9869362115859985,0.09258589893579483
swin_mse_c64_paid_metadata,23.png,e3111a2fd4da24af15d6459ef9eacfe54106b38e27b4a21821b75c3f5d2d5baf,10.0,5,1066220329,8192.0,32,0,0,2,0.041666666666666664,0.041839599609375,0.0003471501113381237,34.594825744628906,0.9873141050338745,0.09550130367279053
swin_mse_c64_paid_metadata,23.png,e3111a2fd4da24af15d6459ef9eacfe54106b38e27b4a21821b75c3f5d2d5baf,10.0,6,2208174250,8192.0,32,0,0,2,0.041666666666666664,0.041839599609375,0.0003511272952891886,34.54535675048828,0.9871272444725037,0.0964968204498291
swin_mse_c64_paid_metadata,23.png,e3111a2fd4da24af15d6459ef9eacfe54106b38e27b4a21821b75c3f5d2d5baf,10.0,7,3006303666,8192.0,32,0,0,2,0.041666666666666664,0.041839599609375,0.00036816083593294024,34.339622497558594,0.9870173931121826,0.09827862679958344
swin_mse_c64_paid_metadata,23.png,e3111a2fd4da24af15d6459ef9eacfe54106b38e27b4a21821b75c3f5d2d5baf,10.0,8,1893470733,8192.0,32,0,0,2,0.041666666666666664,0.041839599609375,0.0003492569085210562,34.56855010986328,0.986954927444458,0.09423761069774628
swin_mse_c64_paid_metadata,23.png,e3111a2fd4da24af15d6459ef9eacfe54106b38e27b4a21821b75c3f5d2d5baf,10.0,9,2617115521,8192.0,32,0,0,2,0.041666666666666664,0.041839599609375,0.00036011775955557823,34.43555450439453,0.9868402481079102,0.09573573619127274
swin_mse_c64_paid_metadata,24.png,1071c68372cc5a01435c2c225a5cf7d4bb803846ec08bb6b3d6721b156d7cb96,10.0,0,310879492,8192.0,32,0,0,2,0.041666666666666664,0.041839599609375,0.0006064915214665234,32.1717529296875,0.9813100099563599,0.07376285642385483
swin_mse_c64_paid_metadata,24.png,1071c68372cc5a01435c2c225a5cf7d4bb803846ec08bb6b3d6721b156d7cb96,10.0,1,4027068605,8192.0,32,0,0,2,0.041666666666666664,0.041839599609375,0.0006018084241077304,32.20541763305664,0.9814151525497437,0.0734948217868805
swin_mse_c64_paid_metadata,24.png,1071c68372cc5a01435c2c225a5cf7d4bb803846ec08bb6b3d6721b156d7cb96,10.0,2,213213187,8192.0,32,0,0,2,0.041666666666666664,0.041839599609375,0.0006049752118997276,32.18262481689453,0.9812517166137695,0.07168976962566376
swin_mse_c64_paid_metadata,24.png,1071c68372cc5a01435c2c225a5cf7d4bb803846ec08bb6b3d6721b156d7cb96,10.0,3,2164664923,8192.0,32,0,0,2,0.041666666666666664,0.041839599609375,0.0006036784034222364,32.19194412231445,0.9814950823783875,0.07502876222133636
swin_mse_c64_paid_metadata,24.png,1071c68372cc5a01435c2c225a5cf7d4bb803846ec08bb6b3d6721b156d7cb96,10.0,4,546911183,8192.0,32,0,0,2,0.041666666666666664,0.041839599609375,0.0006191321881487966,32.08216857910156,0.9812376499176025,0.07264330983161926
swin_mse_c64_paid_metadata,24.png,1071c68372cc5a01435c2c225a5cf7d4bb803846ec08bb6b3d6721b156d7cb96,10.0,5,1947763355,8192.0,32,0,0,2,0.041666666666666664,0.041839599609375,0.0006286110146902502,32.016178131103516,0.9815016984939575,0.07081005722284317
swin_mse_c64_paid_metadata,24.png,1071c68372cc5a01435c2c225a5cf7d4bb803846ec08bb6b3d6721b156d7cb96,10.0,6,478355954,8192.0,32,0,0,2,0.041666666666666664,0.041839599609375,0.0006029221694916487,32.1973876953125,0.981372058391571,0.0761394053697586
swin_mse_c64_paid_metadata,24.png,1071c68372cc5a01435c2c225a5cf7d4bb803846ec08bb6b3d6721b156d7cb96,10.0,7,3875689822,8192.0,32,0,0,2,0.041666666666666664,0.041839599609375,0.0006074653938412666,32.1647834777832,0.9816460609436035,0.07180757820606232
swin_mse_c64_paid_metadata,24.png,1071c68372cc5a01435c2c225a5cf7d4bb803846ec08bb6b3d6721b156d7cb96,10.0,8,4120613256,8192.0,32,0,0,2,0.041666666666666664,0.041839599609375,0.0006058667786419392,32.176231384277344,0.981572151184082,0.07867942005395889
swin_mse_c64_paid_metadata,24.png,1071c68372cc5a01435c2c225a5cf7d4bb803846ec08bb6b3d6721b156d7cb96,10.0,9,3180078697,8192.0,32,0,0,2,0.041666666666666664,0.041839599609375,0.0006184509838931262,32.08694839477539,0.9810473322868347,0.07509830594062805
