model,image,image_sha256,draw,noise_seed,rounds,snr_db,height,width,cbr_payload,mse,psnr,ms_ssim,ms_ssim_db,lpips
DeepJSCC-f_author_DIV2K,01.png,a56e27cbf5f843c048b6af1d6e090760e9c92fadba88b7dee0205918a37523bd,0,100007070,1,10,256,256,0.041666666666666664,0.005282208323478699,22.7718448638916,0.887415885925293,9.485228538513184,0.4652632772922516
DeepJSCC-f_author_DIV2K,01.png,a56e27cbf5f843c048b6af1d6e090760e9c92fadba88b7dee0205918a37523bd,1,100007071,1,10,256,256,0.041666666666666664,0.00525084650143981,22.797706604003906,0.8924991488456726,9.685880661010742,0.4651365578174591
DeepJSCC-f_author_DIV2K,01.png,a56e27cbf5f843c048b6af1d6e090760e9c92fadba88b7dee0205918a37523bd,2,100007072,1,10,256,256,0.041666666666666664,0.005254780407994986,22.79445457458496,0.8898639678955078,9.580705642700195,0.4643970727920532
DeepJSCC-f_author_DIV2K,01.png,a56e27cbf5f843c048b6af1d6e090760e9c92fadba88b7dee0205918a37523bd,3,100007073,1,10,256,256,0.041666666666666664,0.005270903464406729,22.781150817871094,0.8872768878936768,9.479869842529297,0.465554803609848
DeepJSCC-f_author_DIV2K,01.png,a56e27cbf5f843c048b6af1d6e090760e9c92fadba88b7dee0205918a37523bd,4,100007074,1,10,256,256,0.041666666666666664,0.005287885665893555,22.767179489135742,0.8888592720031738,9.541267395019531,0.4650076925754547
DeepJSCC-f_author_DIV2K,01.png,a56e27cbf5f843c048b6af1d6e090760e9c92fadba88b7dee0205918a37523bd,5,100007075,1,10,256,256,0.041666666666666664,0.0051962872967123985,22.84307098388672,0.8889299631118774,9.544031143188477,0.47277310490608215
DeepJSCC-f_author_DIV2K,01.png,a56e27cbf5f843c048b6af1d6e090760e9c92fadba88b7dee0205918a37523bd,6,100007076,1,10,256,256,0.041666666666666664,0.0053203413262963295,22.74060821533203,0.8871786594390869,9.476088523864746,0.4647998511791229
DeepJSCC-f_author_DIV2K,01.png,a56e27cbf5f843c048b6af1d6e090760e9c92fadba88b7dee0205918a37523bd,7,100007077,1,10,256,256,0.041666666666666664,0.00521713076159358,22.82568359375,0.8918322324752808,9.659022331237793,0.4632534980773926
DeepJSCC-f_author_DIV2K,01.png,a56e27cbf5f843c048b6af1d6e090760e9c92fadba88b7dee0205918a37523bd,8,100007078,1,10,256,256,0.041666666666666664,0.005235007964074612,22.810829162597656,0.8926383256912231,9.691507339477539,0.46133288741111755
DeepJSCC-f_author_DIV2K,01.png,a56e27cbf5f843c048b6af1d6e090760e9c92fadba88b7dee0205918a37523bd,9,100007079,1,10,256,256,0.041666666666666664,0.005172900855541229,22.862659454345703,0.8884844779968262,9.526647567749023,0.4633163809776306
DeepJSCC-f_author_DIV2K,02.png,4f4b74a79237e311d72cad958237b5f7088d8bce1c82305ebefe1a70e3022dfd,0,100017070,1,10,256,256,0.041666666666666664,0.0032372174318879843,24.898283004760742,0.8839352130889893,9.352994918823242,0.34792274236679077
DeepJSCC-f_author_DIV2K,02.png,4f4b74a79237e311d72cad958237b5f7088d8bce1c82305ebefe1a70e3022dfd,1,100017071,1,10,256,256,0.041666666666666664,0.003138959873467684,25.032140731811523,0.8822259306907654,9.28950309753418,0.349662184715271
DeepJSCC-f_author_DIV2K,02.png,4f4b74a79237e311d72cad958237b5f7088d8bce1c82305ebefe1a70e3022dfd,2,100017072,1,10,256,256,0.041666666666666664,0.0033930842764675617,24.694053649902344,0.8827954530715942,9.310555458068848,0.3418112099170685
DeepJSCC-f_author_DIV2K,02.png,4f4b74a79237e311d72cad958237b5f7088d8bce1c82305ebefe1a70e3022dfd,3,100017073,1,10,256,256,0.041666666666666664,0.003260557074099779,24.867080688476562,0.8808615207672119,9.239480018615723,0.3534463346004486
DeepJSCC-f_author_DIV2K,02.png,4f4b74a79237e311d72cad958237b5f7088d8bce1c82305ebefe1a70e3022dfd,4,100017074,1,10,256,256,0.041666666666666664,0.003250253852456808,24.880826950073242,0.8807412981987,9.235098838806152,0.34360048174858093
DeepJSCC-f_author_DIV2K,02.png,4f4b74a79237e311d72cad958237b5f7088d8bce1c82305ebefe1a70e3022dfd,5,100017075,1,10,256,256,0.041666666666666664,0.003190063638612628,24.962007522583008,0.8803085088729858,9.219367980957031,0.3425880968570709
DeepJSCC-f_author_DIV2K,02.png,4f4b74a79237e311d72cad958237b5f7088d8bce1c82305ebefe1a70e3022dfd,6,100017076,1,10,256,256,0.041666666666666664,0.0030780229717493057,25.11728286743164,0.8820618391036987,9.283456802368164,0.34431567788124084
DeepJSCC-f_author_DIV2K,02.png,4f4b74a79237e311d72cad958237b5f7088d8bce1c82305ebefe1a70e3022dfd,7,100017077,1,10,256,256,0.041666666666666664,0.003355707973241806,24.74216079711914,0.8741642832756042,9.001960754394531,0.3514593541622162
DeepJSCC-f_author_DIV2K,02.png,4f4b74a79237e311d72cad958237b5f7088d8bce1c82305ebefe1a70e3022dfd,8,100017078,1,10,256,256,0.041666666666666664,0.003178549464792013,24.977710723876953,0.87897789478302,9.171353340148926,0.3503265082836151
DeepJSCC-f_author_DIV2K,02.png,4f4b74a79237e311d72cad958237b5f7088d8bce1c82305ebefe1a70e3022dfd,9,100017079,1,10,256,256,0.041666666666666664,0.003254970069974661,24.87453269958496,0.8835735321044922,9.339483261108398,0.34343069791793823
DeepJSCC-f_author_DIV2K,03.png,e25ca1ff2f0c0cb5fdfd5f9b0a0bb21ac4c3de3c84a67f35b09a85d3306249db,0,100027070,1,10,256,256,0.041666666666666664,0.0024465378373861313,26.114482879638672,0.9008528590202332,10.037198066711426,0.2509447932243347
DeepJSCC-f_author_DIV2K,03.png,e25ca1ff2f0c0cb5fdfd5f9b0a0bb21ac4c3de3c84a67f35b09a85d3306249db,1,100027071,1,10,256,256,0.041666666666666664,0.002407263731583953,26.184764862060547,0.9033514857292175,10.148048400878906,0.24708566069602966
DeepJSCC-f_author_DIV2K,03.png,e25ca1ff2f0c0cb5fdfd5f9b0a0bb21ac4c3de3c84a67f35b09a85d3306249db,2,100027072,1,10,256,256,0.041666666666666664,0.00237412191927433,26.24496841430664,0.9049735069274902,10.221552848815918,0.24738073348999023
DeepJSCC-f_author_DIV2K,03.png,e25ca1ff2f0c0cb5fdfd5f9b0a0bb21ac4c3de3c84a67f35b09a85d3306249db,3,100027073,1,10,256,256,0.041666666666666664,0.00243419804610312,26.13644027709961,0.9036821126937866,10.162930488586426,0.2522946894168854
DeepJSCC-f_author_DIV2K,03.png,e25ca1ff2f0c0cb5fdfd5f9b0a0bb21ac4c3de3c84a67f35b09a85d3306249db,4,100027074,1,10,256,256,0.041666666666666664,0.002427969127893448,26.147567749023438,0.9025915861129761,10.114035606384277,0.24861940741539001
DeepJSCC-f_author_DIV2K,03.png,e25ca1ff2f0c0cb5fdfd5f9b0a0bb21ac4c3de3c84a67f35b09a85d3306249db,5,100027075,1,10,256,256,0.041666666666666664,0.0023906375281512737,26.21486473083496,0.9006189107894897,10.026962280273438,0.2443012297153473
DeepJSCC-f_author_DIV2K,03.png,e25ca1ff2f0c0cb5fdfd5f9b0a0bb21ac4c3de3c84a67f35b09a85d3306249db,6,100027076,1,10,256,256,0.041666666666666664,0.0024315044283866882,26.141250610351562,0.9004525542259216,10.019698143005371,0.24910059571266174
DeepJSCC-f_author_DIV2K,03.png,e25ca1ff2f0c0cb5fdfd5f9b0a0bb21ac4c3de3c84a67f35b09a85d3306249db,7,100027077,1,10,256,256,0.041666666666666664,0.0024558301083743572,26.098018646240234,0.9001166820526123,10.005071640014648,0.24923838675022125
DeepJSCC-f_author_DIV2K,03.png,e25ca1ff2f0c0cb5fdfd5f9b0a0bb21ac4c3de3c84a67f35b09a85d3306249db,8,100027078,1,10,256,256,0.041666666666666664,0.0024765008129179478,26.061614990234375,0.9040505290031433,10.179574966430664,0.2494550347328186
DeepJSCC-f_author_DIV2K,03.png,e25ca1ff2f0c0cb5fdfd5f9b0a0bb21ac4c3de3c84a67f35b09a85d3306249db,9,100027079,1,10,256,256,0.041666666666666664,0.0025834746193140745,25.877960205078125,0.898988664150238,9.956298828125,0.25075215101242065
DeepJSCC-f_author_DIV2K,04.png,e3b946107c5d3441c022f678d0c3caf1e224d81b1604ba840a4f88e562de61aa,0,100037070,1,10,256,256,0.041666666666666664,0.0008099265396595001,30.915544509887695,0.9428790807723999,12.432048797607422,0.26960861682891846
DeepJSCC-f_author_DIV2K,04.png,e3b946107c5d3441c022f678d0c3caf1e224d81b1604ba840a4f88e562de61aa,1,100037071,1,10,256,256,0.041666666666666664,0.0008445362327620387,30.73381805419922,0.9426165819168091,12.41213607788086,0.2555859088897705
DeepJSCC-f_author_DIV2K,04.png,e3b946107c5d3441c022f678d0c3caf1e224d81b1604ba840a4f88e562de61aa,2,100037072,1,10,256,256,0.041666666666666664,0.0008153175003826618,30.886730194091797,0.9425868391990662,12.409886360168457,0.25597453117370605
DeepJSCC-f_author_DIV2K,04.png,e3b946107c5d3441c022f678d0c3caf1e224d81b1604ba840a4f88e562de61aa,3,100037073,1,10,256,256,0.041666666666666664,0.0008143017766997218,30.892147064208984,0.9445657134056091,12.562215805053711,0.2568489611148834
DeepJSCC-f_author_DIV2K,04.png,e3b946107c5d3441c022f678d0c3caf1e224d81b1604ba840a4f88e562de61aa,4,100037074,1,10,256,256,0.041666666666666664,0.0008542744326405227,30.684024810791016,0.9438202381134033,12.504201889038086,0.24992859363555908
DeepJSCC-f_author_DIV2K,04.png,e3b946107c5d3441c022f678d0c3caf1e224d81b1604ba840a4f88e562de61aa,5,100037075,1,10,256,256,0.041666666666666664,0.0008166293846443295,30.879749298095703,0.9432926177978516,12.463603973388672,0.26123613119125366
DeepJSCC-f_author_DIV2K,04.png,e3b946107c5d3441c022f678d0c3caf1e224d81b1604ba840a4f88e562de61aa,6,100037076,1,10,256,256,0.041666666666666664,0.0008289342513307929,30.814800262451172,0.9408983588218689,12.284006118774414,0.2672485113143921
DeepJSCC-f_author_DIV2K,04.png,e3b946107c5d3441c022f678d0c3caf1e224d81b1604ba840a4f88e562de61aa,7,100037077,1,10,256,256,0.041666666666666664,0.0008298011962324381,30.810260772705078,0.9463250041007996,12.702280044555664,0.2603625953197479
DeepJSCC-f_author_DIV2K,04.png,e3b946107c5d3441c022f678d0c3caf1e224d81b1604ba840a4f88e562de61aa,8,100037078,1,10,256,256,0.041666666666666664,0.0008019238593988121,30.958669662475586,0.9441205859184265,12.527481079101562,0.26644980907440186
DeepJSCC-f_author_DIV2K,04.png,e3b946107c5d3441c022f678d0c3caf1e224d81b1604ba840a4f88e562de61aa,9,100037079,1,10,256,256,0.041666666666666664,0.0008209735387936234,30.856708526611328,0.9405855536460876,12.261079788208008,0.2700043022632599
DeepJSCC-f_author_DIV2K,05.png,10349e963c5c813d327852f82c1795fa4148d69fedffc4c589bee458e3ac3d53,0,100047070,1,10,256,256,0.041666666666666664,0.006977465003728867,21.563024520874023,0.9226534366607666,11.11559009552002,0.2548568546772003
DeepJSCC-f_author_DIV2K,05.png,10349e963c5c813d327852f82c1795fa4148d69fedffc4c589bee458e3ac3d53,1,100047071,1,10,256,256,0.041666666666666664,0.006868477910757065,21.631393432617188,0.9219490885734558,11.076221466064453,0.25878891348838806
DeepJSCC-f_author_DIV2K,05.png,10349e963c5c813d327852f82c1795fa4148d69fedffc4c589bee458e3ac3d53,2,100047072,1,10,256,256,0.041666666666666664,0.006899876054376364,21.61158561706543,0.9231061935424805,11.14108657836914,0.2595422863960266
DeepJSCC-f_author_DIV2K,05.png,10349e963c5c813d327852f82c1795fa4148d69fedffc4c589bee458e3ac3d53,3,100047073,1,10,256,256,0.041666666666666664,0.006996922194957733,21.55093002319336,0.9223033785820007,11.095979690551758,0.2578679323196411
DeepJSCC-f_author_DIV2K,05.png,10349e963c5c813d327852f82c1795fa4148d69fedffc4c589bee458e3ac3d53,4,100047074,1,10,256,256,0.041666666666666664,0.006842516362667084,21.647842407226562,0.9223312735557556,11.097537994384766,0.25708356499671936
DeepJSCC-f_author_DIV2K,05.png,10349e963c5c813d327852f82c1795fa4148d69fedffc4c589bee458e3ac3d53,5,100047075,1,10,256,256,0.041666666666666664,0.006943098269402981,21.58446502685547,0.921869695186615,11.071805000305176,0.2590685188770294
DeepJSCC-f_author_DIV2K,05.png,10349e963c5c813d327852f82c1795fa4148d69fedffc4c589bee458e3ac3d53,6,100047076,1,10,256,256,0.041666666666666664,0.006941485218703747,21.58547592163086,0.922705352306366,11.11850643157959,0.26019299030303955
DeepJSCC-f_author_DIV2K,05.png,10349e963c5c813d327852f82c1795fa4148d69fedffc4c589bee458e3ac3d53,7,100047077,1,10,256,256,0.041666666666666664,0.006935952231287956,21.588939666748047,0.9219788312911987,11.077876091003418,0.2622242271900177
DeepJSCC-f_author_DIV2K,05.png,10349e963c5c813d327852f82c1795fa4148d69fedffc4c589bee458e3ac3d53,8,100047078,1,10,256,256,0.041666666666666664,0.0068411375395953655,21.64871597290039,0.9228417873382568,11.126178741455078,0.2626878619194031
DeepJSCC-f_author_DIV2K,05.png,10349e963c5c813d327852f82c1795fa4148d69fedffc4c589bee458e3ac3d53,9,100047079,1,10,256,256,0.041666666666666664,0.00686064874753356,21.636348724365234,0.9215914607048035,11.056365966796875,0.2656678855419159
DeepJSCC-f_author_DIV2K,06.png,363510303b715d4cbc384e1ce227e466b613a09e1b71ae985882bf8e7fbd9b18,0,100057070,1,10,256,256,0.041666666666666664,0.004552888218313456,23.417131423950195,0.8723161220550537,8.938638687133789,0.5242273807525635
DeepJSCC-f_author_DIV2K,06.png,363510303b715d4cbc384e1ce227e466b613a09e1b71ae985882bf8e7fbd9b18,1,100057071,1,10,256,256,0.041666666666666664,0.004564768634736538,23.40581512451172,0.8744141459465027,9.01059341430664,0.5219484567642212
DeepJSCC-f_author_DIV2K,06.png,363510303b715d4cbc384e1ce227e466b613a09e1b71ae985882bf8e7fbd9b18,2,100057072,1,10,256,256,0.041666666666666664,0.004599527455866337,23.372867584228516,0.8706071376800537,8.880897521972656,0.5200633406639099
DeepJSCC-f_author_DIV2K,06.png,363510303b715d4cbc384e1ce227e466b613a09e1b71ae985882bf8e7fbd9b18,3,100057073,1,10,256,256,0.041666666666666664,0.004552904982119799,23.4171142578125,0.8746061325073242,9.017237663269043,0.5222944617271423
DeepJSCC-f_author_DIV2K,06.png,363510303b715d4cbc384e1ce227e466b613a09e1b71ae985882bf8e7fbd9b18,4,100057074,1,10,256,256,0.041666666666666664,0.0045614829286932945,23.408939361572266,0.8724054098129272,8.94167709350586,0.5158564448356628
DeepJSCC-f_author_DIV2K,06.png,363510303b715d4cbc384e1ce227e466b613a09e1b71ae985882bf8e7fbd9b18,5,100057075,1,10,256,256,0.041666666666666664,0.004598503466695547,23.37383460998535,0.8703240752220154,8.871406555175781,0.5183959603309631
DeepJSCC-f_author_DIV2K,06.png,363510303b715d4cbc384e1ce227e466b613a09e1b71ae985882bf8e7fbd9b18,6,100057076,1,10,256,256,0.041666666666666664,0.004561315756291151,23.409099578857422,0.870905876159668,8.890935897827148,0.515977680683136
DeepJSCC-f_author_DIV2K,06.png,363510303b715d4cbc384e1ce227e466b613a09e1b71ae985882bf8e7fbd9b18,7,100057077,1,10,256,256,0.041666666666666664,0.0045639281161129475,23.406612396240234,0.8740085959434509,8.996590614318848,0.5275571346282959
DeepJSCC-f_author_DIV2K,06.png,363510303b715d4cbc384e1ce227e466b613a09e1b71ae985882bf8e7fbd9b18,8,100057078,1,10,256,256,0.041666666666666664,0.004569376353174448,23.401432037353516,0.8710424304008484,8.89553165435791,0.5202186703681946
DeepJSCC-f_author_DIV2K,06.png,363510303b715d4cbc384e1ce227e466b613a09e1b71ae985882bf8e7fbd9b18,9,100057079,1,10,256,256,0.041666666666666664,0.004613065160810947,23.360103607177734,0.8696936368942261,8.85034465789795,0.5179004073143005
DeepJSCC-f_author_DIV2K,07.png,b77d3f006f42414bb242222e0482e750c0fb9e5ee8d4bed2f6f11c5605fe54a4,0,100067070,1,10,256,256,0.041666666666666664,0.0025587626732885838,25.919702529907227,0.933758020401001,11.788667678833008,0.23859015107154846
DeepJSCC-f_author_DIV2K,07.png,b77d3f006f42414bb242222e0482e750c0fb9e5ee8d4bed2f6f11c5605fe54a4,1,100067071,1,10,256,256,0.041666666666666664,0.0024599984753876925,26.090652465820312,0.9366995692253113,11.985933303833008,0.2280840426683426
DeepJSCC-f_author_DIV2K,07.png,b77d3f006f42414bb242222e0482e750c0fb9e5ee8d4bed2f6f11c5605fe54a4,2,100067072,1,10,256,256,0.041666666666666664,0.0024745881091803312,26.064970016479492,0.9361469149589539,11.94818115234375,0.2280423641204834
DeepJSCC-f_author_DIV2K,07.png,b77d3f006f42414bb242222e0482e750c0fb9e5ee8d4bed2f6f11c5605fe54a4,3,100067073,1,10,256,256,0.041666666666666664,0.002455113222822547,26.099285125732422,0.9366083145141602,11.979677200317383,0.22754086554050446
DeepJSCC-f_author_DIV2K,07.png,b77d3f006f42414bb242222e0482e750c0fb9e5ee8d4bed2f6f11c5605fe54a4,4,100067074,1,10,256,256,0.041666666666666664,0.0024484905879944563,26.11101531982422,0.9369564056396484,12.003591537475586,0.22034244239330292
DeepJSCC-f_author_DIV2K,07.png,b77d3f006f42414bb242222e0482e750c0fb9e5ee8d4bed2f6f11c5605fe54a4,5,100067075,1,10,256,256,0.041666666666666664,0.0024764761328697205,26.061660766601562,0.9365094900131226,11.972911834716797,0.2270853966474533
DeepJSCC-f_author_DIV2K,07.png,b77d3f006f42414bb242222e0482e750c0fb9e5ee8d4bed2f6f11c5605fe54a4,6,100067076,1,10,256,256,0.041666666666666664,0.0024664432276040316,26.07929039001465,0.9359087347984314,11.932011604309082,0.2247008979320526
DeepJSCC-f_author_DIV2K,07.png,b77d3f006f42414bb242222e0482e750c0fb9e5ee8d4bed2f6f11c5605fe54a4,7,100067077,1,10,256,256,0.041666666666666664,0.002464872784912586,26.082056045532227,0.9362472891807556,11.955013275146484,0.23169101774692535
DeepJSCC-f_author_DIV2K,07.png,b77d3f006f42414bb242222e0482e750c0fb9e5ee8d4bed2f6f11c5605fe54a4,8,100067078,1,10,256,256,0.041666666666666664,0.0024855276569724083,26.045814514160156,0.9359416961669922,11.934246063232422,0.23161178827285767
DeepJSCC-f_author_DIV2K,07.png,b77d3f006f42414bb242222e0482e750c0fb9e5ee8d4bed2f6f11c5605fe54a4,9,100067079,1,10,256,256,0.041666666666666664,0.0024546924978494644,26.10002899169922,0.9352338314056396,11.886518478393555,0.2254239171743393
DeepJSCC-f_author_DIV2K,08.png,ba23983c76b4832ee0e8af0592664756841a16779acd69f792e268fb6d13d6e7,0,100077070,1,10,256,256,0.041666666666666664,0.005894723813980818,22.295364379882812,0.9233111143112183,11.15267562866211,0.3305419087409973
DeepJSCC-f_author_DIV2K,08.png,ba23983c76b4832ee0e8af0592664756841a16779acd69f792e268fb6d13d6e7,1,100077071,1,10,256,256,0.041666666666666664,0.005861059762537479,22.320240020751953,0.9231758117675781,11.145020484924316,0.32890209555625916
DeepJSCC-f_author_DIV2K,08.png,ba23983c76b4832ee0e8af0592664756841a16779acd69f792e268fb6d13d6e7,2,100077072,1,10,256,256,0.041666666666666664,0.0057922229170799255,22.371549606323242,0.9234532117843628,11.160730361938477,0.33135291934013367
DeepJSCC-f_author_DIV2K,08.png,ba23983c76b4832ee0e8af0592664756841a16779acd69f792e268fb6d13d6e7,3,100077073,1,10,256,256,0.041666666666666664,0.005918668117374182,22.277759552001953,0.9220361709594727,11.08106803894043,0.3303544223308563
DeepJSCC-f_author_DIV2K,08.png,ba23983c76b4832ee0e8af0592664756841a16779acd69f792e268fb6d13d6e7,4,100077074,1,10,256,256,0.041666666666666664,0.005869869142770767,22.313716888427734,0.9244458079338074,11.217413902282715,0.3271278142929077
DeepJSCC-f_author_DIV2K,08.png,ba23983c76b4832ee0e8af0592664756841a16779acd69f792e268fb6d13d6e7,5,100077075,1,10,256,256,0.041666666666666664,0.0059706782922148705,22.239763259887695,0.9219843745231628,11.078184127807617,0.3289204239845276
DeepJSCC-f_author_DIV2K,08.png,ba23983c76b4832ee0e8af0592664756841a16779acd69f792e268fb6d13d6e7,6,100077076,1,10,256,256,0.041666666666666664,0.0058464910835027695,22.33104705810547,0.9236297607421875,11.170758247375488,0.32345256209373474
DeepJSCC-f_author_DIV2K,08.png,ba23983c76b4832ee0e8af0592664756841a16779acd69f792e268fb6d13d6e7,7,100077077,1,10,256,256,0.041666666666666664,0.005856871604919434,22.32334327697754,0.9219355583190918,11.075468063354492,0.32786643505096436
DeepJSCC-f_author_DIV2K,08.png,ba23983c76b4832ee0e8af0592664756841a16779acd69f792e268fb6d13d6e7,8,100077078,1,10,256,256,0.041666666666666664,0.005804646760225296,22.362241744995117,0.923827588558197,11.182023048400879,0.3338392674922943
DeepJSCC-f_author_DIV2K,08.png,ba23983c76b4832ee0e8af0592664756841a16779acd69f792e268fb6d13d6e7,9,100077079,1,10,256,256,0.041666666666666664,0.005846233572810888,22.331239700317383,0.9225624799728394,11.110486030578613,0.336861252784729
DeepJSCC-f_author_DIV2K,09.png,6a4361c2fc194feb4edaa9f9a4a0620fb9943e460ac7fdf037fb0f6dd6607a7d,0,100087070,1,10,256,256,0.041666666666666664,0.002046644687652588,26.889575958251953,0.9269078969955444,11.361295700073242,0.24422797560691833
DeepJSCC-f_author_DIV2K,09.png,6a4361c2fc194feb4edaa9f9a4a0620fb9943e460ac7fdf037fb0f6dd6607a7d,1,100087071,1,10,256,256,0.041666666666666664,0.0019832884427160025,27.026142120361328,0.9273855090141296,11.389766693115234,0.25445133447647095
DeepJSCC-f_author_DIV2K,09.png,6a4361c2fc194feb4edaa9f9a4a0620fb9943e460ac7fdf037fb0f6dd6607a7d,2,100087072,1,10,256,256,0.041666666666666664,0.001969221280887723,27.057056427001953,0.9288492202758789,11.478203773498535,0.24117887020111084
DeepJSCC-f_author_DIV2K,09.png,6a4361c2fc194feb4edaa9f9a4a0620fb9943e460ac7fdf037fb0f6dd6607a7d,3,100087073,1,10,256,256,0.041666666666666664,0.0018924431642517447,27.22977066040039,0.9276366233825684,11.40481185913086,0.23982134461402893
DeepJSCC-f_author_DIV2K,09.png,6a4361c2fc194feb4edaa9f9a4a0620fb9943e460ac7fdf037fb0f6dd6607a7d,4,100087074,1,10,256,256,0.041666666666666664,0.0019458606839179993,27.108882904052734,0.9301769733428955,11.560012817382812,0.24849827587604523
DeepJSCC-f_author_DIV2K,09.png,6a4361c2fc194feb4edaa9f9a4a0620fb9943e460ac7fdf037fb0f6dd6607a7d,5,100087075,1,10,256,256,0.041666666666666664,0.0020035658963024616,26.981964111328125,0.9287095069885254,11.469684600830078,0.24819698929786682
DeepJSCC-f_author_DIV2K,09.png,6a4361c2fc194feb4edaa9f9a4a0620fb9943e460ac7fdf037fb0f6dd6607a7d,6,100087076,1,10,256,256,0.041666666666666664,0.0020148144103586674,26.95764923095703,0.9265508651733398,11.340133666992188,0.24951061606407166
DeepJSCC-f_author_DIV2K,09.png,6a4361c2fc194feb4edaa9f9a4a0620fb9943e460ac7fdf037fb0f6dd6607a7d,7,100087077,1,10,256,256,0.041666666666666664,0.0020092835184186697,26.969587326049805,0.925769031047821,11.294149398803711,0.2404632568359375
DeepJSCC-f_author_DIV2K,09.png,6a4361c2fc194feb4edaa9f9a4a0620fb9943e460ac7fdf037fb0f6dd6607a7d,8,100087078,1,10,256,256,0.041666666666666664,0.002021918073296547,26.942365646362305,0.925879955291748,11.300643920898438,0.24597930908203125
DeepJSCC-f_author_DIV2K,09.png,6a4361c2fc194feb4edaa9f9a4a0620fb9943e460ac7fdf037fb0f6dd6607a7d,9,100087079,1,10,256,256,0.041666666666666664,0.0019660654943436384,27.06402015686035,0.9301039576530457,11.555475234985352,0.2437690794467926
DeepJSCC-f_author_DIV2K,10.png,9dfb70f5867c29ff9ed6313683f19b3d867849e40fbc0c4c54a4a89df341cf23,0,100097070,1,10,256,256,0.041666666666666664,0.0008841792005114257,30.53459930419922,0.9163948893547058,10.777671813964844,0.3311404585838318
DeepJSCC-f_author_DIV2K,10.png,9dfb70f5867c29ff9ed6313683f19b3d867849e40fbc0c4c54a4a89df341cf23,1,100097071,1,10,256,256,0.041666666666666664,0.0008016314241103828,30.96025276184082,0.9220165610313416,11.079977035522461,0.35341984033584595
DeepJSCC-f_author_DIV2K,10.png,9dfb70f5867c29ff9ed6313683f19b3d867849e40fbc0c4c54a4a89df341cf23,2,100097072,1,10,256,256,0.041666666666666664,0.000793146900832653,31.006465911865234,0.9224251508712769,11.102790832519531,0.33797162771224976
DeepJSCC-f_author_DIV2K,10.png,9dfb70f5867c29ff9ed6313683f19b3d867849e40fbc0c4c54a4a89df341cf23,3,100097073,1,10,256,256,0.041666666666666664,0.0008400453953072429,30.756973266601562,0.9225690364837646,11.11085319519043,0.3439903259277344
DeepJSCC-f_author_DIV2K,10.png,9dfb70f5867c29ff9ed6313683f19b3d867849e40fbc0c4c54a4a89df341cf23,4,100097074,1,10,256,256,0.041666666666666664,0.0008216118440032005,30.85333251953125,0.9237713813781738,11.178818702697754,0.33970868587493896
DeepJSCC-f_author_DIV2K,10.png,9dfb70f5867c29ff9ed6313683f19b3d867849e40fbc0c4c54a4a89df341cf23,5,100097075,1,10,256,256,0.041666666666666664,0.0007834658026695251,31.059799194335938,0.9220356345176697,11.081038475036621,0.3441697359085083
DeepJSCC-f_author_DIV2K,10.png,9dfb70f5867c29ff9ed6313683f19b3d867849e40fbc0c4c54a4a89df341cf23,6,100097076,1,10,256,256,0.041666666666666664,0.0008044217247515917,30.94516372680664,0.9214586019515991,11.049013137817383,0.3362763226032257
DeepJSCC-f_author_DIV2K,10.png,9dfb70f5867c29ff9ed6313683f19b3d867849e40fbc0c4c54a4a89df341cf23,7,100097077,1,10,256,256,0.041666666666666664,0.0008425632258877158,30.743976593017578,0.9203834533691406,10.98996639251709,0.33331218361854553
DeepJSCC-f_author_DIV2K,10.png,9dfb70f5867c29ff9ed6313683f19b3d867849e40fbc0c4c54a4a89df341cf23,8,100097078,1,10,256,256,0.041666666666666664,0.0008286376250907779,30.81635284423828,0.9223169088363647,11.096735000610352,0.3414302170276642
DeepJSCC-f_author_DIV2K,10.png,9dfb70f5867c29ff9ed6313683f19b3d867849e40fbc0c4c54a4a89df341cf23,9,100097079,1,10,256,256,0.041666666666666664,0.0008107461035251617,30.911151885986328,0.9211010336875916,11.029287338256836,0.32721200585365295
DeepJSCC-f_author_DIV2K,11.png,7936814b58b5387fce2e4e2488b4ec830dadd95fa9520f358ddb30990b50f2b6,0,100107070,1,10,256,256,0.041666666666666664,0.005132597871124744,22.896629333496094,0.9168652892112732,10.802175521850586,0.3801978528499603
DeepJSCC-f_author_DIV2K,11.png,7936814b58b5387fce2e4e2488b4ec830dadd95fa9520f358ddb30990b50f2b6,1,100107071,1,10,256,256,0.041666666666666664,0.005168970208615065,22.8659610748291,0.916486918926239,10.782455444335938,0.3693591058254242
DeepJSCC-f_author_DIV2K,11.png,7936814b58b5387fce2e4e2488b4ec830dadd95fa9520f358ddb30990b50f2b6,2,100107072,1,10,256,256,0.041666666666666664,0.005080271512269974,22.941131591796875,0.9174055457115173,10.83049201965332,0.3718045651912689
DeepJSCC-f_author_DIV2K,11.png,7936814b58b5387fce2e4e2488b4ec830dadd95fa9520f358ddb30990b50f2b6,3,100107073,1,10,256,256,0.041666666666666664,0.005024875979870558,22.988746643066406,0.9188179969787598,10.905403137207031,0.3734818994998932
DeepJSCC-f_author_DIV2K,11.png,7936814b58b5387fce2e4e2488b4ec830dadd95fa9520f358ddb30990b50f2b6,4,100107074,1,10,256,256,0.041666666666666664,0.0050940620712935925,22.929359436035156,0.9183969497680664,10.882936477661133,0.37936460971832275
DeepJSCC-f_author_DIV2K,11.png,7936814b58b5387fce2e4e2488b4ec830dadd95fa9520f358ddb30990b50f2b6,5,100107075,1,10,256,256,0.041666666666666664,0.005033078603446484,22.98166275024414,0.9175793528556824,10.839639663696289,0.37718427181243896
DeepJSCC-f_author_DIV2K,11.png,7936814b58b5387fce2e4e2488b4ec830dadd95fa9520f358ddb30990b50f2b6,6,100107076,1,10,256,256,0.041666666666666664,0.005115225911140442,22.911354064941406,0.9175011515617371,10.835521697998047,0.37037017941474915
DeepJSCC-f_author_DIV2K,11.png,7936814b58b5387fce2e4e2488b4ec830dadd95fa9520f358ddb30990b50f2b6,7,100107077,1,10,256,256,0.041666666666666664,0.0051130205392837524,22.913225173950195,0.9173261523246765,10.826318740844727,0.3787742257118225
DeepJSCC-f_author_DIV2K,11.png,7936814b58b5387fce2e4e2488b4ec830dadd95fa9520f358ddb30990b50f2b6,8,100107078,1,10,256,256,0.041666666666666664,0.005028539337217808,22.98558235168457,0.9171752333641052,10.818397521972656,0.3725513815879822
DeepJSCC-f_author_DIV2K,11.png,7936814b58b5387fce2e4e2488b4ec830dadd95fa9520f358ddb30990b50f2b6,9,100107079,1,10,256,256,0.041666666666666664,0.005140373017638922,22.89005470275879,0.9181337356567383,10.868950843811035,0.378427654504776
DeepJSCC-f_author_DIV2K,12.png,d78c37c2f04f23761ed2367dd77e2db584ddd4c3950833fecf89f199a8126980,0,100117070,1,10,256,256,0.041666666666666664,0.0023546507582068443,26.280736923217773,0.885832667350769,9.424582481384277,0.38566136360168457
DeepJSCC-f_author_DIV2K,12.png,d78c37c2f04f23761ed2367dd77e2db584ddd4c3950833fecf89f199a8126980,1,100117071,1,10,256,256,0.041666666666666664,0.0023329397663474083,26.320964813232422,0.8849189281463623,9.389961242675781,0.38743728399276733
DeepJSCC-f_author_DIV2K,12.png,d78c37c2f04f23761ed2367dd77e2db584ddd4c3950833fecf89f199a8126980,2,100117072,1,10,256,256,0.041666666666666664,0.00229702889919281,26.388338088989258,0.8889290690422058,9.543996810913086,0.3764662444591522
DeepJSCC-f_author_DIV2K,12.png,d78c37c2f04f23761ed2367dd77e2db584ddd4c3950833fecf89f199a8126980,3,100117073,1,10,256,256,0.041666666666666664,0.0023057556245476007,26.371868133544922,0.8882142305374146,9.516135215759277,0.3861151337623596
DeepJSCC-f_author_DIV2K,12.png,d78c37c2f04f23761ed2367dd77e2db584ddd4c3950833fecf89f199a8126980,4,100117074,1,10,256,256,0.041666666666666664,0.0023751568514853716,26.24307632446289,0.8831329345703125,9.323079109191895,0.4037845730781555
DeepJSCC-f_author_DIV2K,12.png,d78c37c2f04f23761ed2367dd77e2db584ddd4c3950833fecf89f199a8126980,5,100117075,1,10,256,256,0.041666666666666664,0.002365236636251211,26.261255264282227,0.8843407034873962,9.368194580078125,0.38689112663269043
DeepJSCC-f_author_DIV2K,12.png,d78c37c2f04f23761ed2367dd77e2db584ddd4c3950833fecf89f199a8126980,6,100117076,1,10,256,256,0.041666666666666664,0.0023872647434473038,26.220996856689453,0.8841407299041748,9.360692977905273,0.39140817523002625
DeepJSCC-f_author_DIV2K,12.png,d78c37c2f04f23761ed2367dd77e2db584ddd4c3950833fecf89f199a8126980,7,100117077,1,10,256,256,0.041666666666666664,0.002276551676914096,26.427227020263672,0.8869040012359619,9.465527534484863,0.38802486658096313
DeepJSCC-f_author_DIV2K,12.png,d78c37c2f04f23761ed2367dd77e2db584ddd4c3950833fecf89f199a8126980,8,100117078,1,10,256,256,0.041666666666666664,0.002328192815184593,26.32981300354004,0.8871680498123169,9.475678443908691,0.3720477521419525
DeepJSCC-f_author_DIV2K,12.png,d78c37c2f04f23761ed2367dd77e2db584ddd4c3950833fecf89f199a8126980,9,100117079,1,10,256,256,0.041666666666666664,0.002376134041696787,26.24129295349121,0.8819661140441895,9.27993392944336,0.3885074555873871
DeepJSCC-f_author_DIV2K,13.png,bc34a3ce58dea09dce1704c997171602de90cb34d0c8503a988b77f473d39b08,0,100127070,1,10,256,256,0.041666666666666664,0.005955535918474197,22.25079345703125,0.8840441703796387,9.357074737548828,0.544127345085144
DeepJSCC-f_author_DIV2K,13.png,bc34a3ce58dea09dce1704c997171602de90cb34d0c8503a988b77f473d39b08,1,100127071,1,10,256,256,0.041666666666666664,0.00597001938149333,22.24024200439453,0.8836996555328369,9.34419059753418,0.5538754463195801
DeepJSCC-f_author_DIV2K,13.png,bc34a3ce58dea09dce1704c997171602de90cb34d0c8503a988b77f473d39b08,2,100127072,1,10,256,256,0.041666666666666664,0.005936990492045879,22.26433753967285,0.8853103518486023,9.404757499694824,0.5470020771026611
DeepJSCC-f_author_DIV2K,13.png,bc34a3ce58dea09dce1704c997171602de90cb34d0c8503a988b77f473d39b08,3,100127073,1,10,256,256,0.041666666666666664,0.005996624007821083,22.220932006835938,0.8819136619567871,9.278003692626953,0.5473891496658325
DeepJSCC-f_author_DIV2K,13.png,bc34a3ce58dea09dce1704c997171602de90cb34d0c8503a988b77f473d39b08,4,100127074,1,10,256,256,0.041666666666666664,0.005963084287941456,22.24529266357422,0.8831391334533691,9.323308944702148,0.5453505516052246
DeepJSCC-f_author_DIV2K,13.png,bc34a3ce58dea09dce1704c997171602de90cb34d0c8503a988b77f473d39b08,5,100127075,1,10,256,256,0.041666666666666664,0.005985273979604244,22.229158401489258,0.8834893107414246,9.336341857910156,0.5504891276359558
DeepJSCC-f_author_DIV2K,13.png,bc34a3ce58dea09dce1704c997171602de90cb34d0c8503a988b77f473d39b08,6,100127076,1,10,256,256,0.041666666666666664,0.005951018538326025,22.254085540771484,0.8852325677871704,9.401813507080078,0.5458908081054688
DeepJSCC-f_author_DIV2K,13.png,bc34a3ce58dea09dce1704c997171602de90cb34d0c8503a988b77f473d39b08,7,100127077,1,10,256,256,0.041666666666666664,0.006003366783261299,22.21605110168457,0.8825863599777222,9.302814483642578,0.5464265942573547
DeepJSCC-f_author_DIV2K,13.png,bc34a3ce58dea09dce1704c997171602de90cb34d0c8503a988b77f473d39b08,8,100127078,1,10,256,256,0.041666666666666664,0.0059821284376084805,22.231443405151367,0.8796095848083496,9.194080352783203,0.5469772219657898
DeepJSCC-f_author_DIV2K,13.png,bc34a3ce58dea09dce1704c997171602de90cb34d0c8503a988b77f473d39b08,9,100127079,1,10,256,256,0.041666666666666664,0.005968442186713219,22.241390228271484,0.8843438029289246,9.368310928344727,0.5469940900802612
DeepJSCC-f_author_DIV2K,14.png,55a94550ff18f3246c4074fd32b77b0c74447c26b6ad274d564d999c0450ba6e,0,100137070,1,10,256,256,0.041666666666666664,0.004999302327632904,23.010906219482422,0.9113821983337402,10.524789810180664,0.30595552921295166
DeepJSCC-f_author_DIV2K,14.png,55a94550ff18f3246c4074fd32b77b0c74447c26b6ad274d564d999c0450ba6e,1,100137071,1,10,256,256,0.041666666666666664,0.0049935211427509785,23.01593017578125,0.9106959700584412,10.491289138793945,0.3168005049228668
DeepJSCC-f_author_DIV2K,14.png,55a94550ff18f3246c4074fd32b77b0c74447c26b6ad274d564d999c0450ba6e,2,100137072,1,10,256,256,0.041666666666666664,0.005128300748765469,22.900264739990234,0.9108296632766724,10.497795104980469,0.3086067736148834
DeepJSCC-f_author_DIV2K,14.png,55a94550ff18f3246c4074fd32b77b0c74447c26b6ad274d564d999c0450ba6e,3,100137073,1,10,256,256,0.041666666666666664,0.005105127580463886,22.919933319091797,0.910112738609314,10.463018417358398,0.30364081263542175
DeepJSCC-f_author_DIV2K,14.png,55a94550ff18f3246c4074fd32b77b0c74447c26b6ad274d564d999c0450ba6e,4,100137074,1,10,256,256,0.041666666666666664,0.005052726250141859,22.964744567871094,0.9102206230163574,10.468234062194824,0.3055378198623657
DeepJSCC-f_author_DIV2K,14.png,55a94550ff18f3246c4074fd32b77b0c74447c26b6ad274d564d999c0450ba6e,5,100137075,1,10,256,256,0.041666666666666664,0.005058860871940851,22.95947265625,0.9108096361160278,10.496820449829102,0.31036466360092163
DeepJSCC-f_author_DIV2K,14.png,55a94550ff18f3246c4074fd32b77b0c74447c26b6ad274d564d999c0450ba6e,6,100137076,1,10,256,256,0.041666666666666664,0.005137494765222073,22.892486572265625,0.9096050262451172,10.438557624816895,0.3126884698867798
DeepJSCC-f_author_DIV2K,14.png,55a94550ff18f3246c4074fd32b77b0c74447c26b6ad274d564d999c0450ba6e,7,100137077,1,10,256,256,0.041666666666666664,0.005011197179555893,23.000585556030273,0.9117342829704285,10.542078971862793,0.3079335689544678
DeepJSCC-f_author_DIV2K,14.png,55a94550ff18f3246c4074fd32b77b0c74447c26b6ad274d564d999c0450ba6e,8,100137078,1,10,256,256,0.041666666666666664,0.005158768035471439,22.874542236328125,0.9102398753166199,10.469165802001953,0.31245362758636475
DeepJSCC-f_author_DIV2K,14.png,55a94550ff18f3246c4074fd32b77b0c74447c26b6ad274d564d999c0450ba6e,9,100137079,1,10,256,256,0.041666666666666664,0.005058972164988518,22.95937728881836,0.9105801582336426,10.485660552978516,0.31213292479515076
DeepJSCC-f_author_DIV2K,15.png,7538cbb80cb9103606c48b806eae57d56c885c7f90b9b3be70a41160f9cbb683,0,100147070,1,10,256,256,0.041666666666666664,0.0022199219092726707,26.536624908447266,0.9216317534446716,11.058598518371582,0.28056633472442627
DeepJSCC-f_author_DIV2K,15.png,7538cbb80cb9103606c48b806eae57d56c885c7f90b9b3be70a41160f9cbb683,1,100147071,1,10,256,256,0.041666666666666664,0.0022162562236189842,26.543800354003906,0.919527530670166,10.943527221679688,0.2896460294723511
DeepJSCC-f_author_DIV2K,15.png,7538cbb80cb9103606c48b806eae57d56c885c7f90b9b3be70a41160f9cbb683,2,100147072,1,10,256,256,0.041666666666666664,0.002272962359711528,26.434078216552734,0.9197129607200623,10.953546524047852,0.28244179487228394
DeepJSCC-f_author_DIV2K,15.png,7538cbb80cb9103606c48b806eae57d56c885c7f90b9b3be70a41160f9cbb683,3,100147073,1,10,256,256,0.041666666666666664,0.0022795696277171373,26.421472549438477,0.9207248687744141,11.008630752563477,0.2865310311317444
DeepJSCC-f_author_DIV2K,15.png,7538cbb80cb9103606c48b806eae57d56c885c7f90b9b3be70a41160f9cbb683,4,100147074,1,10,256,256,0.041666666666666664,0.0022035064175724983,26.56885528564453,0.9209750890731812,11.022359848022461,0.28741219639778137
DeepJSCC-f_author_DIV2K,15.png,7538cbb80cb9103606c48b806eae57d56c885c7f90b9b3be70a41160f9cbb683,5,100147075,1,10,256,256,0.041666666666666664,0.002309077186509967,26.365615844726562,0.9213823676109314,11.0447998046875,0.28483033180236816
DeepJSCC-f_author_DIV2K,15.png,7538cbb80cb9103606c48b806eae57d56c885c7f90b9b3be70a41160f9cbb683,6,100147076,1,10,256,256,0.041666666666666664,0.0022784676402807236,26.423572540283203,0.9200755953788757,10.97320556640625,0.2929648160934448
DeepJSCC-f_author_DIV2K,15.png,7538cbb80cb9103606c48b806eae57d56c885c7f90b9b3be70a41160f9cbb683,7,100147077,1,10,256,256,0.041666666666666664,0.0022284560836851597,26.51995849609375,0.9203760623931885,10.98956298828125,0.29176339507102966
DeepJSCC-f_author_DIV2K,15.png,7538cbb80cb9103606c48b806eae57d56c885c7f90b9b3be70a41160f9cbb683,8,100147078,1,10,256,256,0.041666666666666664,0.002254132181406021,26.470205307006836,0.9217008352279663,11.062429428100586,0.2853996455669403
DeepJSCC-f_author_DIV2K,15.png,7538cbb80cb9103606c48b806eae57d56c885c7f90b9b3be70a41160f9cbb683,9,100147079,1,10,256,256,0.041666666666666664,0.002304965164512396,26.373355865478516,0.9209704399108887,11.02210521697998,0.2858246862888336
DeepJSCC-f_author_DIV2K,16.png,a89c7268ccd4718ba424a99fc4643c572cf692ca6eae887185ceb4e9f11d2e54,0,100157070,1,10,256,256,0.041666666666666664,0.0018259105272591114,27.38520622253418,0.9063475131988525,10.284807205200195,0.4168066084384918
DeepJSCC-f_author_DIV2K,16.png,a89c7268ccd4718ba424a99fc4643c572cf692ca6eae887185ceb4e9f11d2e54,1,100157071,1,10,256,256,0.041666666666666664,0.0018657067557796836,27.291566848754883,0.9047903418540955,10.213190078735352,0.40598568320274353
DeepJSCC-f_author_DIV2K,16.png,a89c7268ccd4718ba424a99fc4643c572cf692ca6eae887185ceb4e9f11d2e54,2,100157072,1,10,256,256,0.041666666666666664,0.0018695442704483867,27.282642364501953,0.9054677486419678,10.244199752807617,0.40224406123161316
DeepJSCC-f_author_DIV2K,16.png,a89c7268ccd4718ba424a99fc4643c572cf692ca6eae887185ceb4e9f11d2e54,3,100157073,1,10,256,256,0.041666666666666664,0.001852237619459629,27.323034286499023,0.9070979952812195,10.319748878479004,0.4106381833553314
DeepJSCC-f_author_DIV2K,16.png,a89c7268ccd4718ba424a99fc4643c572cf692ca6eae887185ceb4e9f11d2e54,4,100157074,1,10,256,256,0.041666666666666664,0.0018815960502251983,27.254735946655273,0.9016646146774292,10.072900772094727,0.4082888066768646
DeepJSCC-f_author_DIV2K,16.png,a89c7268ccd4718ba424a99fc4643c572cf692ca6eae887185ceb4e9f11d2e54,5,100157075,1,10,256,256,0.041666666666666664,0.0018389117904007435,27.35439109802246,0.900904655456543,10.039467811584473,0.4094429016113281
DeepJSCC-f_author_DIV2K,16.png,a89c7268ccd4718ba424a99fc4643c572cf692ca6eae887185ceb4e9f11d2e54,6,100157076,1,10,256,256,0.041666666666666664,0.0018940306035801768,27.226131439208984,0.9023491144180298,10.103239059448242,0.41472327709198
DeepJSCC-f_author_DIV2K,16.png,a89c7268ccd4718ba424a99fc4643c572cf692ca6eae887185ceb4e9f11d2e54,7,100157077,1,10,256,256,0.041666666666666664,0.0018313530599698424,27.37228012084961,0.9023054838180542,10.101298332214355,0.41595911979675293
DeepJSCC-f_author_DIV2K,16.png,a89c7268ccd4718ba424a99fc4643c572cf692ca6eae887185ceb4e9f11d2e54,8,100157078,1,10,256,256,0.041666666666666664,0.0018517572898417711,27.324159622192383,0.9014699459075928,10.064313888549805,0.4080848693847656
DeepJSCC-f_author_DIV2K,16.png,a89c7268ccd4718ba424a99fc4643c572cf692ca6eae887185ceb4e9f11d2e54,9,100157079,1,10,256,256,0.041666666666666664,0.00188413355499506,27.248882293701172,0.900844931602478,10.036850929260254,0.4051007032394409
DeepJSCC-f_author_DIV2K,17.png,37afcc89fbdcb76d9518e04b2fc011027e2f4cd14b3b2f83cefd721641a47c5b,0,100167070,1,10,256,256,0.041666666666666664,0.001407280913554132,28.516193389892578,0.9447111487388611,12.573624610900879,0.2514423429965973
DeepJSCC-f_author_DIV2K,17.png,37afcc89fbdcb76d9518e04b2fc011027e2f4cd14b3b2f83cefd721641a47c5b,1,100167071,1,10,256,256,0.041666666666666664,0.0013722144067287445,28.625782012939453,0.9424010515213013,12.395853996276855,0.2500331401824951
DeepJSCC-f_author_DIV2K,17.png,37afcc89fbdcb76d9518e04b2fc011027e2f4cd14b3b2f83cefd721641a47c5b,2,100167072,1,10,256,256,0.041666666666666664,0.0013925312086939812,28.56195068359375,0.9432862997055054,12.463120460510254,0.2520715594291687
DeepJSCC-f_author_DIV2K,17.png,37afcc89fbdcb76d9518e04b2fc011027e2f4cd14b3b2f83cefd721641a47c5b,3,100167073,1,10,256,256,0.041666666666666664,0.0013736316468566656,28.621295928955078,0.9447132349014282,12.573787689208984,0.24848975241184235
DeepJSCC-f_author_DIV2K,17.png,37afcc89fbdcb76d9518e04b2fc011027e2f4cd14b3b2f83cefd721641a47c5b,4,100167074,1,10,256,256,0.041666666666666664,0.0013631632318720222,28.654521942138672,0.9441618919372559,12.530694007873535,0.25970152020454407
DeepJSCC-f_author_DIV2K,17.png,37afcc89fbdcb76d9518e04b2fc011027e2f4cd14b3b2f83cefd721641a47c5b,5,100167075,1,10,256,256,0.041666666666666664,0.0013741031289100647,28.61980628967285,0.9447742700576782,12.578584671020508,0.2547996938228607
DeepJSCC-f_author_DIV2K,17.png,37afcc89fbdcb76d9518e04b2fc011027e2f4cd14b3b2f83cefd721641a47c5b,6,100167076,1,10,256,256,0.041666666666666664,0.001309870509430766,28.827716827392578,0.9462175369262695,12.693593978881836,0.24638168513774872
DeepJSCC-f_author_DIV2K,17.png,37afcc89fbdcb76d9518e04b2fc011027e2f4cd14b3b2f83cefd721641a47c5b,7,100167077,1,10,256,256,0.041666666666666664,0.0014069093158468604,28.5173397064209,0.9436935186386108,12.494417190551758,0.25257447361946106
DeepJSCC-f_author_DIV2K,17.png,37afcc89fbdcb76d9518e04b2fc011027e2f4cd14b3b2f83cefd721641a47c5b,8,100167078,1,10,256,256,0.041666666666666664,0.001373259350657463,28.62247657775879,0.943727433681488,12.49703311920166,0.25212377309799194
DeepJSCC-f_author_DIV2K,17.png,37afcc89fbdcb76d9518e04b2fc011027e2f4cd14b3b2f83cefd721641a47c5b,9,100167079,1,10,256,256,0.041666666666666664,0.0013833030825480819,28.59082794189453,0.9429613351821899,12.43830680847168,0.2555187940597534
DeepJSCC-f_author_DIV2K,18.png,1a9258c365988961d87a0598725b609139c303ad48a5aad6c503c3b1a87849aa,0,100177070,1,10,256,256,0.041666666666666664,0.004712150432169437,23.267807006835938,0.9198859930038452,10.962915420532227,0.35241860151290894
DeepJSCC-f_author_DIV2K,18.png,1a9258c365988961d87a0598725b609139c303ad48a5aad6c503c3b1a87849aa,1,100177071,1,10,256,256,0.041666666666666664,0.00465386314317584,23.32186508178711,0.9182513952255249,10.87519645690918,0.3574138283729553
DeepJSCC-f_author_DIV2K,18.png,1a9258c365988961d87a0598725b609139c303ad48a5aad6c503c3b1a87849aa,2,100177072,1,10,256,256,0.041666666666666664,0.0046949866227805614,23.283655166625977,0.9195106029510498,10.94261360168457,0.34763529896736145
DeepJSCC-f_author_DIV2K,18.png,1a9258c365988961d87a0598725b609139c303ad48a5aad6c503c3b1a87849aa,3,100177073,1,10,256,256,0.041666666666666664,0.004767115227878094,23.217445373535156,0.9154170751571655,10.7271728515625,0.34664058685302734
DeepJSCC-f_author_DIV2K,18.png,1a9258c365988961d87a0598725b609139c303ad48a5aad6c503c3b1a87849aa,4,100177074,1,10,256,256,0.041666666666666664,0.004720121622085571,23.260469436645508,0.91853928565979,10.890518188476562,0.34553036093711853
DeepJSCC-f_author_DIV2K,18.png,1a9258c365988961d87a0598725b609139c303ad48a5aad6c503c3b1a87849aa,5,100177075,1,10,256,256,0.041666666666666664,0.004730256274342537,23.25115394592285,0.9187197685241699,10.900150299072266,0.35445311665534973
DeepJSCC-f_author_DIV2K,18.png,1a9258c365988961d87a0598725b609139c303ad48a5aad6c503c3b1a87849aa,6,100177076,1,10,256,256,0.041666666666666664,0.004797152243554592,23.19016456604004,0.917938232421875,10.85859203338623,0.34594491124153137
DeepJSCC-f_author_DIV2K,18.png,1a9258c365988961d87a0598725b609139c303ad48a5aad6c503c3b1a87849aa,7,100177077,1,10,256,256,0.041666666666666664,0.004677003249526024,23.300323486328125,0.9186215400695801,10.894905090332031,0.3426452875137329
DeepJSCC-f_author_DIV2K,18.png,1a9258c365988961d87a0598725b609139c303ad48a5aad6c503c3b1a87849aa,8,100177078,1,10,256,256,0.041666666666666664,0.004761704243719578,23.22237777709961,0.9182583689689636,10.875567436218262,0.34959959983825684
DeepJSCC-f_author_DIV2K,18.png,1a9258c365988961d87a0598725b609139c303ad48a5aad6c503c3b1a87849aa,9,100177079,1,10,256,256,0.041666666666666664,0.00467244628816843,23.30455780029297,0.9174976348876953,10.835336685180664,0.3480495512485504
DeepJSCC-f_author_DIV2K,19.png,b7450b264b1b0a411390d8931b112c27905a992520fc90569dc4b920aa32bbdc,0,100187070,1,10,256,256,0.041666666666666664,0.004512972664088011,23.455373764038086,0.8962289690971375,9.839239120483398,0.34625306725502014
DeepJSCC-f_author_DIV2K,19.png,b7450b264b1b0a411390d8931b112c27905a992520fc90569dc4b920aa32bbdc,1,100187071,1,10,256,256,0.041666666666666664,0.004521399736404419,23.44727325439453,0.8950402140617371,9.78977108001709,0.34486323595046997
DeepJSCC-f_author_DIV2K,19.png,b7450b264b1b0a411390d8931b112c27905a992520fc90569dc4b920aa32bbdc,2,100187072,1,10,256,256,0.041666666666666664,0.004512880928814411,23.455463409423828,0.8980927467346191,9.917948722839355,0.3454833924770355
DeepJSCC-f_author_DIV2K,19.png,b7450b264b1b0a411390d8931b112c27905a992520fc90569dc4b920aa32bbdc,3,100187073,1,10,256,256,0.041666666666666664,0.0044431379064917564,23.523101806640625,0.8972281217575073,9.881257057189941,0.3567248582839966
DeepJSCC-f_author_DIV2K,19.png,b7450b264b1b0a411390d8931b112c27905a992520fc90569dc4b920aa32bbdc,4,100187074,1,10,256,256,0.041666666666666664,0.004535031970590353,23.4341983795166,0.8959027528762817,9.825607299804688,0.3499440550804138
DeepJSCC-f_author_DIV2K,19.png,b7450b264b1b0a411390d8931b112c27905a992520fc90569dc4b920aa32bbdc,5,100187075,1,10,256,256,0.041666666666666664,0.0045370301231741905,23.432283401489258,0.8966403007507324,9.856487274169922,0.3528324067592621
DeepJSCC-f_author_DIV2K,19.png,b7450b264b1b0a411390d8931b112c27905a992520fc90569dc4b920aa32bbdc,6,100187076,1,10,256,256,0.041666666666666664,0.004469253122806549,23.497650146484375,0.8952332735061646,9.79776668548584,0.35411536693573
DeepJSCC-f_author_DIV2K,19.png,b7450b264b1b0a411390d8931b112c27905a992520fc90569dc4b920aa32bbdc,7,100187077,1,10,256,256,0.041666666666666664,0.004450994543731213,23.515430450439453,0.8991133570671082,9.961663246154785,0.35464179515838623
DeepJSCC-f_author_DIV2K,19.png,b7450b264b1b0a411390d8931b112c27905a992520fc90569dc4b920aa32bbdc,8,100187078,1,10,256,256,0.041666666666666664,0.00444897823035717,23.517398834228516,0.89812171459198,9.919184684753418,0.34461134672164917
DeepJSCC-f_author_DIV2K,19.png,b7450b264b1b0a411390d8931b112c27905a992520fc90569dc4b920aa32bbdc,9,100187079,1,10,256,256,0.041666666666666664,0.004510415717959404,23.457834243774414,0.8951995372772217,9.796367645263672,0.3522492051124573
DeepJSCC-f_author_DIV2K,20.png,3b46c71e3b92a563820ba32936be8330c586c41f938efd94be938386aae4328a,0,100197070,1,10,256,256,0.041666666666666664,0.0027348471339792013,25.630672454833984,0.9376170039176941,12.049337387084961,0.20752599835395813
DeepJSCC-f_author_DIV2K,20.png,3b46c71e3b92a563820ba32936be8330c586c41f938efd94be938386aae4328a,1,100197071,1,10,256,256,0.041666666666666664,0.002708634827286005,25.672496795654297,0.9375056028366089,12.04158878326416,0.21395468711853027
DeepJSCC-f_author_DIV2K,20.png,3b46c71e3b92a563820ba32936be8330c586c41f938efd94be938386aae4328a,2,100197072,1,10,256,256,0.041666666666666664,0.002750941552221775,25.605186462402344,0.9363622665405273,11.96285343170166,0.2128007411956787
DeepJSCC-f_author_DIV2K,20.png,3b46c71e3b92a563820ba32936be8330c586c41f938efd94be938386aae4328a,3,100197073,1,10,256,256,0.041666666666666664,0.0027617875020951033,25.588096618652344,0.9394668340682983,12.180066108703613,0.21263879537582397
DeepJSCC-f_author_DIV2K,20.png,3b46c71e3b92a563820ba32936be8330c586c41f938efd94be938386aae4328a,4,100197074,1,10,256,256,0.041666666666666664,0.0027173205744475126,25.658592224121094,0.9378649592399597,12.066635131835938,0.21277159452438354
DeepJSCC-f_author_DIV2K,20.png,3b46c71e3b92a563820ba32936be8330c586c41f938efd94be938386aae4328a,5,100197075,1,10,256,256,0.041666666666666664,0.0027290263678878546,25.639925003051758,0.9386090040206909,12.118953704833984,0.20778632164001465
DeepJSCC-f_author_DIV2K,20.png,3b46c71e3b92a563820ba32936be8330c586c41f938efd94be938386aae4328a,6,100197076,1,10,256,256,0.041666666666666664,0.0027884147129952908,25.54642677307129,0.9383026361465454,12.097334861755371,0.2118651270866394
DeepJSCC-f_author_DIV2K,20.png,3b46c71e3b92a563820ba32936be8330c586c41f938efd94be938386aae4328a,7,100197077,1,10,256,256,0.041666666666666664,0.0026660270523279905,25.741355895996094,0.9376289248466492,12.050168991088867,0.2044495940208435
DeepJSCC-f_author_DIV2K,20.png,3b46c71e3b92a563820ba32936be8330c586c41f938efd94be938386aae4328a,8,100197078,1,10,256,256,0.041666666666666664,0.002713080495595932,25.665374755859375,0.9382181167602539,12.091388702392578,0.2093902826309204
DeepJSCC-f_author_DIV2K,20.png,3b46c71e3b92a563820ba32936be8330c586c41f938efd94be938386aae4328a,9,100197079,1,10,256,256,0.041666666666666664,0.0026657364796847105,25.7418270111084,0.9420831203460693,12.3719482421875,0.20493914186954498
DeepJSCC-f_author_DIV2K,21.png,ac958597c82073f6bb65129c68f72b651db5b9efd82e11547d07350214bc268b,0,100207070,1,10,256,256,0.041666666666666664,0.0038336035795509815,24.163928985595703,0.9251686930656433,11.259166717529297,0.36576205492019653
DeepJSCC-f_author_DIV2K,21.png,ac958597c82073f6bb65129c68f72b651db5b9efd82e11547d07350214bc268b,1,100207071,1,10,256,256,0.041666666666666664,0.003885387908667326,24.105655670166016,0.9235804080963135,11.167953491210938,0.365523099899292
DeepJSCC-f_author_DIV2K,21.png,ac958597c82073f6bb65129c68f72b651db5b9efd82e11547d07350214bc268b,2,100207072,1,10,256,256,0.041666666666666664,0.003894445486366749,24.095544815063477,0.9238567352294922,11.183685302734375,0.3700180947780609
DeepJSCC-f_author_DIV2K,21.png,ac958597c82073f6bb65129c68f72b651db5b9efd82e11547d07350214bc268b,3,100207073,1,10,256,256,0.041666666666666664,0.0039004962891340256,24.088802337646484,0.9229366183280945,11.131519317626953,0.37201446294784546
DeepJSCC-f_author_DIV2K,21.png,ac958597c82073f6bb65129c68f72b651db5b9efd82e11547d07350214bc268b,4,100207074,1,10,256,256,0.041666666666666664,0.0037811659276485443,24.223745346069336,0.9248608946800232,11.241340637207031,0.3660406470298767
DeepJSCC-f_author_DIV2K,21.png,ac958597c82073f6bb65129c68f72b651db5b9efd82e11547d07350214bc268b,5,100207075,1,10,256,256,0.041666666666666664,0.0039223674684762955,24.06451988220215,0.9233956336975098,11.157465934753418,0.3718112111091614
DeepJSCC-f_author_DIV2K,21.png,ac958597c82073f6bb65129c68f72b651db5b9efd82e11547d07350214bc268b,6,100207076,1,10,256,256,0.041666666666666664,0.003805607557296753,24.195758819580078,0.9250499606132507,11.252281188964844,0.3711591064929962
DeepJSCC-f_author_DIV2K,21.png,ac958597c82073f6bb65129c68f72b651db5b9efd82e11547d07350214bc268b,7,100207077,1,10,256,256,0.041666666666666664,0.003817843971773982,24.181819915771484,0.9231500029563904,11.143561363220215,0.3676837682723999
DeepJSCC-f_author_DIV2K,21.png,ac958597c82073f6bb65129c68f72b651db5b9efd82e11547d07350214bc268b,8,100207078,1,10,256,256,0.041666666666666664,0.003896653652191162,24.093082427978516,0.9236000776290894,11.169071197509766,0.3734888732433319
DeepJSCC-f_author_DIV2K,21.png,ac958597c82073f6bb65129c68f72b651db5b9efd82e11547d07350214bc268b,9,100207079,1,10,256,256,0.041666666666666664,0.0038750532548874617,24.117223739624023,0.9228596687316895,11.127184867858887,0.3698665201663971
DeepJSCC-f_author_DIV2K,22.png,1cee58eb1f2d9c7ebb254d208a03c783ce6cf2c4d8c2cf45e235dd23b4ce1b29,0,100217070,1,10,256,256,0.041666666666666664,0.003494681790471077,24.5659236907959,0.8909225463867188,9.622650146484375,0.37939703464508057
DeepJSCC-f_author_DIV2K,22.png,1cee58eb1f2d9c7ebb254d208a03c783ce6cf2c4d8c2cf45e235dd23b4ce1b29,1,100217071,1,10,256,256,0.041666666666666664,0.00352354533970356,24.530202865600586,0.8876465559005737,9.494136810302734,0.3765571117401123
DeepJSCC-f_author_DIV2K,22.png,1cee58eb1f2d9c7ebb254d208a03c783ce6cf2c4d8c2cf45e235dd23b4ce1b29,2,100217072,1,10,256,256,0.041666666666666664,0.003409267170354724,24.673389434814453,0.890250563621521,9.595976829528809,0.3813852071762085
DeepJSCC-f_author_DIV2K,22.png,1cee58eb1f2d9c7ebb254d208a03c783ce6cf2c4d8c2cf45e235dd23b4ce1b29,3,100217073,1,10,256,256,0.041666666666666664,0.003481462597846985,24.58238410949707,0.8897086977958679,9.574586868286133,0.378894567489624
DeepJSCC-f_author_DIV2K,22.png,1cee58eb1f2d9c7ebb254d208a03c783ce6cf2c4d8c2cf45e235dd23b4ce1b29,4,100217074,1,10,256,256,0.041666666666666664,0.003470124676823616,24.59654998779297,0.8906279802322388,9.61093807220459,0.3691863417625427
DeepJSCC-f_author_DIV2K,22.png,1cee58eb1f2d9c7ebb254d208a03c783ce6cf2c4d8c2cf45e235dd23b4ce1b29,5,100217075,1,10,256,256,0.041666666666666664,0.0034351591020822525,24.640533447265625,0.8911551833152771,9.631922721862793,0.3865066468715668
DeepJSCC-f_author_DIV2K,22.png,1cee58eb1f2d9c7ebb254d208a03c783ce6cf2c4d8c2cf45e235dd23b4ce1b29,6,100217076,1,10,256,256,0.041666666666666664,0.003490493167191744,24.57113265991211,0.8919705748558044,9.664579391479492,0.3757985830307007
DeepJSCC-f_author_DIV2K,22.png,1cee58eb1f2d9c7ebb254d208a03c783ce6cf2c4d8c2cf45e235dd23b4ce1b29,7,100217077,1,10,256,256,0.041666666666666664,0.0034134797751903534,24.668027877807617,0.8945547938346863,9.769732475280762,0.379191517829895
DeepJSCC-f_author_DIV2K,22.png,1cee58eb1f2d9c7ebb254d208a03c783ce6cf2c4d8c2cf45e235dd23b4ce1b29,8,100217078,1,10,256,256,0.041666666666666664,0.0034351847134530544,24.640501022338867,0.8914198875427246,9.642497062683105,0.3790684938430786
DeepJSCC-f_author_DIV2K,22.png,1cee58eb1f2d9c7ebb254d208a03c783ce6cf2c4d8c2cf45e235dd23b4ce1b29,9,100217079,1,10,256,256,0.041666666666666664,0.0033878579270094633,24.700748443603516,0.8903443813323975,9.599691390991211,0.38307392597198486
DeepJSCC-f_author_DIV2K,23.png,e3111a2fd4da24af15d6459ef9eacfe54106b38e27b4a21821b75c3f5d2d5baf,0,100227070,1,10,256,256,0.041666666666666664,0.0019153386820107698,27.17754364013672,0.9372774958610535,12.025766372680664,0.16248443722724915
DeepJSCC-f_author_DIV2K,23.png,e3111a2fd4da24af15d6459ef9eacfe54106b38e27b4a21821b75c3f5d2d5baf,1,100227071,1,10,256,256,0.041666666666666664,0.0019350415095686913,27.133098602294922,0.9360119104385376,11.939008712768555,0.15720140933990479
DeepJSCC-f_author_DIV2K,23.png,e3111a2fd4da24af15d6459ef9eacfe54106b38e27b4a21821b75c3f5d2d5baf,2,100227072,1,10,256,256,0.041666666666666664,0.0019189659506082535,27.169330596923828,0.9376581907272339,12.052206039428711,0.16272999346256256
DeepJSCC-f_author_DIV2K,23.png,e3111a2fd4da24af15d6459ef9eacfe54106b38e27b4a21821b75c3f5d2d5baf,3,100227073,1,10,256,256,0.041666666666666664,0.0018619096372276545,27.3004150390625,0.9343506693840027,11.827696800231934,0.1541469395160675
DeepJSCC-f_author_DIV2K,23.png,e3111a2fd4da24af15d6459ef9eacfe54106b38e27b4a21821b75c3f5d2d5baf,4,100227074,1,10,256,256,0.041666666666666664,0.0019596582278609276,27.078197479248047,0.936730146408081,11.988031387329102,0.15575285255908966
DeepJSCC-f_author_DIV2K,23.png,e3111a2fd4da24af15d6459ef9eacfe54106b38e27b4a21821b75c3f5d2d5baf,5,100227075,1,10,256,256,0.041666666666666664,0.0018536532297730446,27.31971549987793,0.9381315112113953,12.085305213928223,0.14964914321899414
DeepJSCC-f_author_DIV2K,23.png,e3111a2fd4da24af15d6459ef9eacfe54106b38e27b4a21821b75c3f5d2d5baf,6,100227076,1,10,256,256,0.041666666666666664,0.0019384343177080154,27.125490188598633,0.9349743723869324,11.869154930114746,0.15390071272850037
DeepJSCC-f_author_DIV2K,23.png,e3111a2fd4da24af15d6459ef9eacfe54106b38e27b4a21821b75c3f5d2d5baf,7,100227077,1,10,256,256,0.041666666666666664,0.0019047216046601534,27.20168685913086,0.9351472854614258,11.880718231201172,0.14891114830970764
DeepJSCC-f_author_DIV2K,23.png,e3111a2fd4da24af15d6459ef9eacfe54106b38e27b4a21821b75c3f5d2d5baf,8,100227078,1,10,256,256,0.041666666666666664,0.0020085948053747416,26.97107696533203,0.9312644004821777,11.628183364868164,0.16106846928596497
DeepJSCC-f_author_DIV2K,23.png,e3111a2fd4da24af15d6459ef9eacfe54106b38e27b4a21821b75c3f5d2d5baf,9,100227079,1,10,256,256,0.041666666666666664,0.001928103156387806,27.148700714111328,0.934160590171814,11.815141677856445,0.1572495996952057
DeepJSCC-f_author_DIV2K,24.png,1071c68372cc5a01435c2c225a5cf7d4bb803846ec08bb6b3d6721b156d7cb96,0,100237070,1,10,256,256,0.041666666666666664,0.0021793758496642113,26.616680145263672,0.9354691505432129,11.902326583862305,0.33232325315475464
DeepJSCC-f_author_DIV2K,24.png,1071c68372cc5a01435c2c225a5cf7d4bb803846ec08bb6b3d6721b156d7cb96,1,100237071,1,10,256,256,0.041666666666666664,0.0021141446195542812,26.748653411865234,0.9365002512931824,11.972280502319336,0.34592902660369873
DeepJSCC-f_author_DIV2K,24.png,1071c68372cc5a01435c2c225a5cf7d4bb803846ec08bb6b3d6721b156d7cb96,2,100237072,1,10,256,256,0.041666666666666664,0.002153612906113267,26.668323516845703,0.9380021095275879,12.076231002807617,0.33087143301963806
DeepJSCC-f_author_DIV2K,24.png,1071c68372cc5a01435c2c225a5cf7d4bb803846ec08bb6b3d6721b156d7cb96,3,100237073,1,10,256,256,0.041666666666666664,0.002201022580265999,26.573755264282227,0.9349600076675415,11.868195533752441,0.32549920678138733
DeepJSCC-f_author_DIV2K,24.png,1071c68372cc5a01435c2c225a5cf7d4bb803846ec08bb6b3d6721b156d7cb96,4,100237074,1,10,256,256,0.041666666666666664,0.002173303160816431,26.62879753112793,0.9359404444694519,11.934161186218262,0.3325716257095337
DeepJSCC-f_author_DIV2K,24.png,1071c68372cc5a01435c2c225a5cf7d4bb803846ec08bb6b3d6721b156d7cb96,5,100237075,1,10,256,256,0.041666666666666664,0.002158612012863159,26.65825653076172,0.9354373812675476,11.900188446044922,0.3315191864967346
DeepJSCC-f_author_DIV2K,24.png,1071c68372cc5a01435c2c225a5cf7d4bb803846ec08bb6b3d6721b156d7cb96,6,100237076,1,10,256,256,0.041666666666666664,0.002110824454575777,26.755477905273438,0.9366682767868042,11.983786582946777,0.3289596140384674
DeepJSCC-f_author_DIV2K,24.png,1071c68372cc5a01435c2c225a5cf7d4bb803846ec08bb6b3d6721b156d7cb96,7,100237077,1,10,256,256,0.041666666666666664,0.002167129423469305,26.641151428222656,0.9343656897544861,11.828690528869629,0.3391276001930237
DeepJSCC-f_author_DIV2K,24.png,1071c68372cc5a01435c2c225a5cf7d4bb803846ec08bb6b3d6721b156d7cb96,8,100237078,1,10,256,256,0.041666666666666664,0.0021212399005889893,26.73410415649414,0.9362139701843262,11.952744483947754,0.32181912660598755
DeepJSCC-f_author_DIV2K,24.png,1071c68372cc5a01435c2c225a5cf7d4bb803846ec08bb6b3d6721b156d7cb96,9,100237079,1,10,256,256,0.041666666666666664,0.002122946083545685,26.73061180114746,0.9352900385856628,11.890288352966309,0.32604748010635376
