image,snr_db,draw,reference_subset,oracle_subset,uses_saved
0821.png,10.0,0.0,0.0,0.0,0.0
0821.png,10.0,1.0,0.0,0.0,0.0
0821.png,10.0,2.0,0.0,0.0,0.0
0821.png,10.0,3.0,0.0,0.0,0.0
0822.png,10.0,0.0,0.0,0.0,0.0
0822.png,10.0,1.0,0.0,0.0,0.0
0822.png,10.0,2.0,0.0,0.0,0.0
0822.png,10.0,3.0,0.0,0.0,0.0
0823.png,10.0,0.0,0.0,0.0,0.0
0823.png,10.0,1.0,0.0,0.0,0.0
0823.png,10.0,2.0,0.0,0.0,0.0
0823.png,10.0,3.0,0.0,0.0,0.0
0824.png,10.0,0.0,15.0,15.0,0.0
0824.png,10.0,1.0,15.0,15.0,0.0
0824.png,10.0,2.0,15.0,15.0,0.0
0824.png,10.0,3.0,15.0,15.0,0.0
0825.png,10.0,0.0,0.0,0.0,0.0
0825.png,10.0,1.0,0.0,0.0,0.0
0825.png,10.0,2.0,0.0,0.0,0.0
0825.png,10.0,3.0,0.0,0.0,0.0
0826.png,10.0,0.0,15.0,15.0,0.0
0826.png,10.0,1.0,15.0,15.0,0.0
0826.png,10.0,2.0,15.0,15.0,0.0
0826.png,10.0,3.0,15.0,15.0,0.0
0827.png,10.0,0.0,0.0,0.0,0.0
0827.png,10.0,1.0,0.0,0.0,0.0
0827.png,10.0,2.0,0.0,0.0,0.0
0827.png,10.0,3.0,0.0,0.0,0.0
0828.png,10.0,0.0,15.0,15.0,0.0
0828.png,10.0,1.0,15.0,15.0,0.0
0828.png,10.0,2.0,15.0,15.0,0.0
0828.png,10.0,3.0,15.0,15.0,0.0
0829.png,10.0,0.0,15.0,15.0,0.0
0829.png,10.0,1.0,15.0,15.0,0.0
0829.png,10.0,2.0,15.0,15.0,0.0
0829.png,10.0,3.0,15.0,15.0,0.0
0830.png,10.0,0.0,0.0,0.0,0.0
0830.png,10.0,1.0,0.0,0.0,0.0
0830.png,10.0,2.0,0.0,0.0,0.0
0830.png,10.0,3.0,0.0,0.0,0.0
0831.png,10.0,0.0,0.0,0.0,0.0
0831.png,10.0,1.0,0.0,0.0,0.0
0831.png,10.0,2.0,0.0,0.0,0.0
0831.png,10.0,3.0,0.0,0.0,0.0
0832.png,10.0,0.0,0.0,0.0,0.0
0832.png,10.0,1.0,0.0,0.0,0.0
0832.png,10.0,2.0,0.0,0.0,0.0
0832.png,10.0,3.0,0.0,0.0,0.0
0833.png,10.0,0.0,0.0,0.0,0.0
0833.png,10.0,1.0,0.0,0.0,0.0
0833.png,10.0,2.0,0.0,0.0,0.0
0833.png,10.0,3.0,0.0,0.0,0.0
0834.png,10.0,0.0,0.0,0.0,0.0
0834.png,10.0,1.0,0.0,0.0,0.0
0834.png,10.0,2.0,0.0,0.0,0.0
0834.png,10.0,3.0,0.0,0.0,0.0
0835.png,10.0,0.0,0.0,0.0,0.0
0835.png,10.0,1.0,0.0,0.0,0.0
0835.png,10.0,2.0,0.0,0.0,0.0
0835.png,10.0,3.0,0.0,0.0,0.0
0836.png,10.0,0.0,0.0,0.0,0.0
0836.png,10.0,1.0,0.0,0.0,0.0
0836.png,10.0,2.0,0.0,0.0,0.0
0836.png,10.0,3.0,0.0,0.0,0.0
0837.png,10.0,0.0,0.0,0.0,0.0
0837.png,10.0,1.0,0.0,0.0,0.0
0837.png,10.0,2.0,0.0,0.0,0.0
0837.png,10.0,3.0,0.0,0.0,0.0
0838.png,10.0,0.0,15.0,15.0,0.0
0838.png,10.0,1.0,15.0,15.0,0.0
0838.png,10.0,2.0,15.0,15.0,0.0
0838.png,10.0,3.0,15.0,15.0,0.0
0839.png,10.0,0.0,15.0,15.0,0.0
0839.png,10.0,1.0,15.0,15.0,0.0
0839.png,10.0,2.0,15.0,15.0,0.0
0839.png,10.0,3.0,15.0,15.0,0.0
0840.png,10.0,0.0,0.0,0.0,0.0
0840.png,10.0,1.0,0.0,0.0,0.0
0840.png,10.0,2.0,0.0,0.0,0.0
0840.png,10.0,3.0,0.0,0.0,0.0
0841.png,10.0,0.0,0.0,0.0,0.0
0841.png,10.0,1.0,0.0,0.0,0.0
0841.png,10.0,2.0,0.0,0.0,0.0
0841.png,10.0,3.0,0.0,0.0,0.0
0842.png,10.0,0.0,0.0,0.0,0.0
0842.png,10.0,1.0,0.0,0.0,0.0
0842.png,10.0,2.0,0.0,0.0,0.0
0842.png,10.0,3.0,0.0,0.0,0.0
0843.png,10.0,0.0,0.0,0.0,0.0
0843.png,10.0,1.0,0.0,0.0,0.0
0843.png,10.0,2.0,0.0,0.0,0.0
0843.png,10.0,3.0,0.0,0.0,0.0
0844.png,10.0,0.0,0.0,0.0,0.0
0844.png,10.0,1.0,0.0,0.0,0.0
0844.png,10.0,2.0,0.0,0.0,0.0
0844.png,10.0,3.0,0.0,0.0,0.0
0845.png,10.0,0.0,15.0,15.0,0.0
0845.png,10.0,1.0,15.0,15.0,0.0
0845.png,10.0,2.0,15.0,15.0,0.0
0845.png,10.0,3.0,15.0,15.0,0.0
0846.png,10.0,0.0,0.0,0.0,0.0
0846.png,10.0,1.0,0.0,0.0,0.0
0846.png,10.0,2.0,0.0,0.0,0.0
0846.png,10.0,3.0,0.0,0.0,0.0
0847.png,10.0,0.0,0.0,0.0,0.0
0847.png,10.0,1.0,0.0,0.0,0.0
0847.png,10.0,2.0,0.0,0.0,0.0
0847.png,10.0,3.0,0.0,0.0,0.0
0848.png,10.0,0.0,0.0,0.0,0.0
0848.png,10.0,1.0,0.0,0.0,0.0
0848.png,10.0,2.0,0.0,0.0,0.0
0848.png,10.0,3.0,0.0,0.0,0.0
0849.png,10.0,0.0,0.0,0.0,0.0
0849.png,10.0,1.0,0.0,0.0,0.0
0849.png,10.0,2.0,15.0,15.0,0.0
0849.png,10.0,3.0,0.0,0.0,0.0
0850.png,10.0,0.0,0.0,0.0,0.0
0850.png,10.0,1.0,0.0,0.0,0.0
0850.png,10.0,2.0,0.0,0.0,0.0
0850.png,10.0,3.0,0.0,0.0,0.0
0851.png,10.0,0.0,0.0,0.0,0.0
0851.png,10.0,1.0,0.0,0.0,0.0
0851.png,10.0,2.0,0.0,0.0,0.0
0851.png,10.0,3.0,0.0,0.0,0.0
0852.png,10.0,0.0,0.0,0.0,0.0
0852.png,10.0,1.0,0.0,0.0,0.0
0852.png,10.0,2.0,0.0,0.0,0.0
0852.png,10.0,3.0,0.0,0.0,0.0
0853.png,10.0,0.0,0.0,0.0,0.0
0853.png,10.0,1.0,0.0,0.0,0.0
0853.png,10.0,2.0,0.0,0.0,0.0
0853.png,10.0,3.0,0.0,0.0,0.0
0854.png,10.0,0.0,15.0,15.0,0.0
0854.png,10.0,1.0,15.0,15.0,0.0
0854.png,10.0,2.0,15.0,15.0,0.0
0854.png,10.0,3.0,15.0,15.0,0.0
0855.png,10.0,0.0,15.0,15.0,0.0
0855.png,10.0,1.0,15.0,15.0,0.0
0855.png,10.0,2.0,15.0,15.0,0.0
0855.png,10.0,3.0,15.0,15.0,0.0
0856.png,10.0,0.0,15.0,15.0,0.0
0856.png,10.0,1.0,15.0,15.0,0.0
0856.png,10.0,2.0,15.0,15.0,0.0
0856.png,10.0,3.0,15.0,15.0,0.0
0857.png,10.0,0.0,0.0,0.0,0.0
0857.png,10.0,1.0,0.0,0.0,0.0
0857.png,10.0,2.0,0.0,0.0,0.0
0857.png,10.0,3.0,0.0,0.0,0.0
0858.png,10.0,0.0,15.0,15.0,0.0
0858.png,10.0,1.0,15.0,15.0,0.0
0858.png,10.0,2.0,15.0,15.0,0.0
0858.png,10.0,3.0,15.0,15.0,0.0
0859.png,10.0,0.0,15.0,15.0,0.0
0859.png,10.0,1.0,15.0,15.0,0.0
0859.png,10.0,2.0,15.0,15.0,0.0
0859.png,10.0,3.0,15.0,15.0,0.0
0860.png,10.0,0.0,15.0,15.0,0.0
0860.png,10.0,1.0,15.0,15.0,0.0
0860.png,10.0,2.0,15.0,15.0,0.0
0860.png,10.0,3.0,15.0,15.0,0.0
