step,loss,grad_norm,lr,elapsed_s
1,0.0017832014709711075,0.001016136258840561,3.999997779339467e-06,1.3601875305175781
2,0.002412957139313221,0.0050452351570129395,7.999982234726691e-06,1.43721342086792
3,0.0015373681671917439,0.00027072400553151965,1.199994004226422e-05,1.5157451629638672
4,0.0008873857441358268,0.00045547288027592003,1.599985787816419e-05,1.5899755954742432
5,0.002032550750300288,0.000585328321903944,1.999972241880311e-05,1.6725099086761475
6,0.0013626718427985907,0.0005181703600101173,2.3999520340776656e-05,1.7445621490478516
7,0.0016706662718206644,0.0003910612140316516,2.799923832095448e-05,1.8183181285858154
8,0.0020724141504615545,0.0008977276738733053,3.199886303653496e-05,1.893822193145752
9,0.001020991476252675,0.0002880362735595554,3.599838116510001e-05,1.9696903228759766
10,0.0028176377527415752,0.0016697942046448588,3.999777938466989e-05,2.045536518096924
11,0.0021803940180689096,0.0016852401895448565,4.399704437375797e-05,2.121257781982422
12,0.002189348917454481,0.0014272115658968687,4.7996162811425474e-05,2.1934902667999268
13,0.001383510883897543,0.00035547075094655156,5.199512137733636e-05,2.2684032917022705
14,0.0011002954561263323,0.0003186422400176525,5.5993906751812006e-05,2.353053092956543
15,0.0021452330984175205,0.0010815601563081145,5.999250561588602e-05,2.431349515914917
16,0.0013128132559359074,0.0003825653693638742,6.399090465135905e-05,2.5109078884124756
17,0.0024309454020112753,0.0005171594675630331,6.798909054085349e-05,2.587683916091919
18,0.0013417871668934822,0.002387735527008772,7.198704996786832e-05,2.7213094234466553
19,0.004341532941907644,0.001407024567015469,7.598476961683381e-05,2.8015458583831787
20,0.0014730257680639625,0.0004904886009171605,7.998223617316634e-05,2.8775243759155273
21,0.0027104157488793135,0.0006474272231571376,8.39794363233231e-05,2.9557461738586426
22,0.0017459597438573837,0.00047828242531977594,8.797635675485694e-05,3.136244773864746
23,0.0021330041345208883,0.0014343165094032884,9.197298415647096e-05,3.212615489959717
24,0.001621057279407978,0.0007952501764521003,9.596930521807346e-05,3.2982699871063232
25,0.0027885965537279844,0.0034065572544932365,9.996530663083255e-05,3.3722667694091797
26,0.0018013578373938799,0.3051672875881195,0.00010396097508723088,3.532766103744507
27,0.0020226207561790943,0.002666654298081994,0.00010795629728112052,3.6164050102233887
28,0.001802691607736051,0.0005642550531774759,0.0001119512599077775,3.6890645027160645
29,0.000906819012016058,0.00022125820396468043,0.00011594584966395667,3.7706351280212402
30,0.0014030137099325657,0.0021858569234609604,0.0001199400532479464,3.9010820388793945
31,0.000675672315992415,0.0002969624474644661,0.0001239338573596232,3.976670026779175
32,0.0018182088388130069,0.0008511966443620622,0.00012792724870050662,4.0605385303497314
33,0.0013611090835183859,0.00036443627323023975,0.00013192021397381374,4.134052276611328
34,0.0022260784171521664,0.001587838982231915,0.000135912739884514,4.296114921569824
35,0.0016006407095119357,0.0005867975996807218,0.0001399048131393839,4.371719598770142
36,0.0014101974666118622,0.001988606294617057,0.0001438964204470616,4.445013761520386
37,0.0008956268429756165,0.0005043698474764824,0.00014788754851810163,4.525081396102905
38,0.0015031509101390839,0.00045366675476543605,0.00015187818406502972,4.6530187129974365
39,0.0022595718037337065,0.0009220856591127813,0.0001558683138023971,4.725696325302124
40,0.002213663188740611,0.0036236124578863382,0.00015985792444683558,4.807324647903442
41,0.001415095292031765,0.0005441972170956433,0.0001638470027171119,4.88895320892334
42,0.0022282181307673454,0.0010791273089125752,0.00016783553533418258,5.014435052871704
43,0.0029545992147177458,0.0029830785933882,0.0001718235090212484,5.0881593227386475
44,0.0020041572861373425,0.0007737911655567586,0.00017581091050380905,5.172436475753784
45,0.0007476962637156248,0.0005279832403175533,0.00017979772650971788,5.244429349899292
46,0.002080360194668174,0.0005871711182408035,0.00018378394376923643,5.381153106689453
47,0.00174782145768404,0.0009247808484360576,0.00018776954901508888,5.455580472946167
48,0.0011568129993975163,0.0009691999875940382,0.00019175452898251703,5.530802011489868
49,0.00196240097284317,0.0005632297834381461,0.00019573887040933452,5.603317975997925
50,0.0023836211767047644,0.88678377866745,0.00019972256003598153,5.794388294219971
51,0.001697390340268612,0.000928265624679625,0.0001997113574564504,5.877782106399536
52,0.0006262633251026273,0.0008397253113798797,0.00019969993352306268,5.950528621673584
53,0.0011647706851363182,0.0005931268678978086,0.00019968828826400582,6.029284477233887
54,0.0019296715036034584,0.0024067414924502373,0.0001996764217080133,6.156115531921387
55,0.0006514638662338257,0.00032631249632686377,0.00019966433388436471,6.2656683921813965
56,0.000888214388396591,0.0010019257897511125,0.00019965202482288553,6.35007119178772
57,0.0018104830523952842,0.000587376591283828,0.00019963949455394713,6.4224584102630615
58,0.002206439385190606,0.0019542966037988663,0.00019962674310846672,6.558090686798096
59,0.0008426899439655244,0.00040392318624071777,0.00019961377051790725,6.69406533241272
60,0.0025155507028102875,0.0038387151435017586,0.00019960057681427722,6.766465425491333
61,0.0017223476897925138,0.0015738261863589287,0.00019958716203013086,6.839076280593872
62,0.0008822099189274013,0.0012602133210748434,0.00019957352619856777,6.972254991531372
63,0.0005429948214441538,0.0007839759928174317,0.00019955966935323306,7.1186158657073975
64,0.0016535086324438453,0.0007128375582396984,0.00019954559152831705,7.192983627319336
65,0.0008858158253133297,0.0006224290118552744,0.0001995312927585554,7.2664475440979
66,0.0012363072019070387,0.0010296860709786415,0.00019951677307922892,7.353997230529785
67,0.0022090135607868433,0.0017254309495911002,0.00019950203252616346,7.510170936584473
68,0.002247174968943,0.0007812419789843261,0.0001994870711357299,7.583794832229614
69,0.002162434160709381,0.0008224810007959604,0.00019947188894484395,7.661357879638672
70,0.0033945273607969284,0.004838414024561644,0.0001994564859909662,7.734179973602295
71,0.003468771930783987,0.0009143196512013674,0.00019944086231210182,7.877302885055542
72,0.0023040208034217358,0.000579381943680346,0.00019942501794680077,7.961465120315552
73,0.0016901356866583228,0.0011820270447060466,0.0001994089529341574,8.035003662109375
74,0.0025649815797805786,0.0023466970305889845,0.00019939266731381055,8.107784986495972
75,0.0023254796396940947,0.003036380745470524,0.0001993761611259434,8.29484510421753
76,0.0011512644123286009,0.0009045354090631008,0.00019935943441128323,8.370530128479004
77,0.0012662666849792004,0.0008935220539569855,0.00019934248721110165,8.443707942962646
78,0.00048709078691899776,0.0003337481466587633,0.00019932531956721417,8.521548986434937
79,0.001723941182717681,0.0006052926764823496,0.00019930793152198018,8.689353704452515
80,0.0007885891827754676,0.001186698442324996,0.00019929032311830303,8.766925811767578
81,0.0011769336415454745,0.002144888276234269,0.00019927249439962965,8.858184814453125
82,0.0018058144487440586,0.002282866509631276,0.00019925444540995068,8.930227041244507
83,0.002014601370319724,0.0004447156097739935,0.00019923617619380015,9.107533693313599
84,0.0021374132484197617,0.0007074897293932736,0.00019921768679625562,9.18062138557434
85,0.0016690868651494384,0.0007486311951652169,0.00019919897726293774,9.25917673110962
86,0.0018371527548879385,0.0008059200481511652,0.00019918004764001048,9.337954044342041
87,0.0020089996978640556,0.0009273102623410523,0.0001991608979741808,9.50498342514038
88,0.001995315309613943,0.0006402353174053133,0.0001991415283126986,9.580381870269775
89,0.0019331211224198341,0.0022470857948064804,0.0001991219387033566,9.653711080551147
90,0.0010019865585491061,0.0008171095978468657,0.0001991021291944902,9.749388217926025
91,0.003427826799452305,0.0012596582528203726,0.00019908209983497736,9.873733043670654
92,0.00092206837143749,0.0007473831647075713,0.0001990618506742386,9.94637680053711
93,0.0016572040040045977,0.0005513137439265847,0.00019904138176223666,10.019124984741211
94,0.0032230501528829336,0.0008923952118493617,0.00019902069314947657,10.13949966430664
95,0.0009632136207073927,0.000374368391931057,0.00019899978488700543,10.280297994613647
96,0.0010937920305877924,0.0009974909480661154,0.00019897865702641227,10.353499412536621
97,0.002826674608513713,0.004465187434107065,0.00019895730961982803,10.42832636833191
98,0.0017583814915269613,0.0009788468014448881,0.00019893574271992527,10.503614902496338
99,0.0019346922636032104,0.0015138863818719983,0.00019891395637991818,10.62359094619751
100,0.0011003625113517046,0.0002674725546967238,0.0001988919506535624,10.696878910064697
101,0.0028942811768501997,0.0014998172409832478,0.00019886972559515485,12.058490514755249
102,0.0010275330860167742,0.001542784390039742,0.00019884728125953375,12.131263494491577
103,0.0014315294101834297,0.0005685554933734238,0.00019882461770207813,12.205946207046509
104,0.003983880393207073,0.002046639798209071,0.00019880173497870813,12.281764268875122
105,0.00236882152967155,0.0009367585880681872,0.0001987786331458846,12.436704874038696
106,0.0029236841946840286,0.001962170237675309,0.00019875531226060903,12.522335529327393
107,0.0017648505745455623,0.001207622466608882,0.0001987317723804233,12.596517086029053
108,0.001045895740389824,0.0004679259436670691,0.00019870801356340983,12.671307563781738
109,0.0013786859344691038,0.0005303657380864024,0.0001986840358681911,12.799193382263184
110,0.0017969326581805944,0.0016175153432413936,0.00019865983935392966,12.910189151763916
111,0.0012263122480362654,0.0006049738149158657,0.00019863542408032802,12.99413251876831
112,0.000436484522651881,0.0003903289616573602,0.00019861079010762852,13.068594694137573
113,0.0031974632292985916,0.0015808840980753303,0.0001985859374966129,13.178264617919922
114,0.002503554103896022,0.0016348218778148293,0.00019856086630860257,13.279102563858032
115,0.0025804052129387856,0.0009228826384060085,0.00019853557660545824,13.357329845428467
116,0.0011218249564990401,0.00043991563143208623,0.00019851006844957969,13.442241907119751
117,0.0029730803798884153,0.0027264906093478203,0.00019848434190390573,13.552546977996826
118,0.0006572991842404008,0.00038117668009363115,0.00019845839703191414,13.700054407119751
119,0.0038552749902009964,0.0010051886783912778,0.00019843223389762126,13.772999048233032
120,0.002249917946755886,0.0023187724873423576,0.00019840585256558198,13.848208665847778
121,0.0008793463930487633,0.00109912792686373,0.0001983792531008897,13.97510313987732
122,0.0025041995104402304,0.0009687839192338288,0.00019835243556917592,14.087750673294067
123,0.001574571244418621,0.0006177216419018805,0.0001983254000366102,14.170143127441406
124,0.001713012345135212,0.00043914312846027315,0.00019829814656990006,14.255284309387207
125,0.0016117405612021685,0.0009563983767293394,0.00019827067523629075,14.4066481590271
126,0.003626458114013076,0.0010922683868557215,0.000198242986103565,14.485227823257446
127,0.0012156463926658034,0.00045344821410253644,0.00019821507924004303,14.561694622039795
128,0.0027795059140771627,0.0007005034713074565,0.00019818695471458223,14.634117126464844
129,0.002373742638155818,0.0017616855911910534,0.0001981586125965771,14.822449922561646
130,0.0023150057531893253,0.0010032178834080696,0.00019813005295595893,14.895035982131958
131,0.0011598607525229454,0.0005097531829960644,0.00019810127586319587,14.967370986938477
132,0.003249865025281906,0.0029380829073488712,0.0001980722813892925,15.05003046989441
133,0.0006739319069311023,0.0005933094653300941,0.0001980430696057898,15.204048871994019
134,0.0011470107128843665,0.001261579105630517,0.00019801364058476498,15.277591228485107
135,0.0015551516553387046,0.0007417316082865,0.00019798399439883117,15.354143619537354
136,0.00250852108001709,0.0005894394707866013,0.00019795413112113744,15.4378080368042
137,0.0022434270940721035,0.0011197428684681654,0.0001979240508253684,15.614642143249512
138,0.0029996437951922417,0.0010849706595763564,0.00019789375358574422,15.69404411315918
139,0.0019054680597037077,0.001084411283954978,0.00019786323947702033,15.768524408340454
140,0.0019252868369221687,0.0008070314070209861,0.00019783250857448726,15.844350576400757
141,0.0012956600403413177,0.0005413921899162233,0.00019780156095397047,15.981367588043213
142,0.0011220917804166675,0.0004115056071896106,0.0001977703966918301,16.055437803268433
143,0.001179985934868455,0.0005649542436003685,0.00019773901586496093,16.14165163040161
144,0.0016248608008027077,0.002613554708659649,0.00019770741855079196,16.217209815979004
145,0.0008876027422957122,0.0007109655416570604,0.00019767560482728647,16.41616153717041
146,0.0015794121427461505,0.0010253309737890959,0.0001976435747729416,16.49466109275818
147,0.00039555999683216214,0.00024736003251746297,0.0001976113284667884,16.571102142333984
148,0.0011705385986715555,0.0002259955508634448,0.00019757886598839141,16.646739959716797
149,0.0010327615309506655,0.0003082573239225894,0.00019754618741784852,16.816219568252563
150,0.001720352447591722,0.002338396618142724,0.0001975132928357909,16.89019250869751
151,0.0010132521856576204,0.0004088313435204327,0.00019748018232338264,16.975398778915405
152,0.001260619843378663,0.0010127086425200105,0.00019744685596232066,17.04924988746643
153,0.002112356014549732,0.0009273527539335191,0.00019741331383483444,17.16984510421753
154,0.001511191949248314,0.0004848638200201094,0.0001973795560236858,17.253340482711792
155,0.0017487218137830496,0.00048605725169181824,0.00019734558261216882,17.33030652999878
156,0.0027992844115942717,0.0020743939094245434,0.00019731139368410954,17.40312147140503
157,0.0010558732319623232,0.0002378766075707972,0.0001972769893238657,17.515714406967163
158,0.0014472410548478365,0.0006666160188615322,0.00019724236961632662,17.600112915039062
159,0.0011993558146059513,0.0006104786298237741,0.00019720753464691308,17.685960054397583
160,0.002516915090382099,0.0006216143956407905,0.00019717248450157681,17.770661115646362
161,0.0016983121167868376,0.001201661885716021,0.0001971372192668006,17.91316246986389
162,0.0020976802334189415,0.0015054105315357447,0.0001971017390295979,17.98670196533203
163,0.0017989173065871,0.0007746611954644322,0.00019706604387751268,18.059231758117676
164,0.0015278884675353765,0.00035871652653440833,0.00019703013389861916,18.143474578857422
165,0.0029103874694556,0.0006299777305684984,0.00019699400918152168,18.341923475265503
166,0.0025507560931146145,0.0021237905602902174,0.00019695766981535432,18.42401957511902
167,0.0013799512526020408,0.0004042705986648798,0.00019692111588978095,18.50274896621704
168,0.0013117240741848946,0.0004500573268160224,0.00019688434749499465,18.58865475654602
169,0.0017434976762160659,0.0007129677687771618,0.00019684736472171785,18.786865949630737
170,0.00134209671523422,0.00033148194779641926,0.00019681016766120185,18.85953712463379
171,0.001176380435936153,0.0011566373286768794,0.00019677275640522665,18.936217308044434
172,0.0012266807025298476,0.0004028328403364867,0.00019673513104610088,19.01056981086731
173,0.000821026973426342,0.00033326412085443735,0.00019669729167666133,19.195881366729736
174,0.0023307930678129196,0.00042290083365514874,0.00019665923839027292,19.273324012756348
175,0.0011780920904129744,0.0009433031664229929,0.00019662097128082825,19.35430097579956
176,0.0008059010724537075,0.001620956463739276,0.00019658249044274772,19.438472509384155
177,0.0014625753974542022,0.0010790701489895582,0.00019654379597097897,19.589638233184814
178,0.002819330897182226,0.0019071368733420968,0.00019650488796099668,19.662925243377686
179,0.0021619100589305162,0.0011686859652400017,0.00019646576650880255,19.740417957305908
180,0.0017145907040685415,0.001677968422882259,0.00019642643171092488,19.814053297042847
181,0.003791408147662878,0.005187841597944498,0.00019638688366441836,19.960161447525024
182,0.0010734966490417719,0.00039811714668758214,0.00019634712246686386,20.04491138458252
183,0.0021456924732774496,0.000673394650220871,0.0001963071482163682,20.117795944213867
184,0.0020808158442378044,0.0009602659847587347,0.00019626696101156382,20.195565223693848
185,0.0020080271642655134,0.0004687109321821481,0.00019622656095160873,20.35342288017273
186,0.001556296250782907,0.0009169098921120167,0.000196185948136186,20.426124334335327
187,0.0016671100165694952,0.0010423128260299563,0.00019614512266550376,20.503636360168457
188,0.0034320473205298185,0.0034686275757849216,0.00019610408464029475,20.58709955215454
189,0.0019353232346475124,0.0009689563303254545,0.00019606283416181625,20.7249596118927
190,0.0018062263261526823,0.0005007985746487975,0.0001960213713318497,20.806223392486572
191,0.0022609427105635405,0.00048710699775256217,0.00019597969625270056,20.878535747528076
192,0.0035140509717166424,0.005972485523670912,0.0001959378090271979,20.954530954360962
193,0.0019529861165210605,0.0027265853714197874,0.00019589570975869422,21.161953926086426
194,0.0013783335452899337,0.001242501544766128,0.00019585339855106542,21.24174737930298
195,0.002067715860903263,0.0011054737260565162,0.0001958108755087101,21.320798873901367
196,0.001837411429733038,0.0005026625003665686,0.00019576814073654972,21.39892888069153
197,0.0008807576959952712,0.0005683121853508055,0.00019572519434002796,21.552117347717285
198,0.0006909758667461574,0.000277019920758903,0.00019568203642511092,21.62360644340515
199,0.0018240674398839474,0.0015802931739017367,0.00019563866709828632,21.696195125579834
200,0.0022407029755413532,0.0010287587065249681,0.00019559508646656385,21.77830195426941
201,0.0016723750159144402,0.0009211856522597373,0.00019555129463747422,23.142521619796753
202,0.0010823991615325212,0.0002319897903362289,0.00019550729171906946,23.22387981414795
203,0.0009949933737516403,0.00038109481101855636,0.00019546307781992246,23.298789978027344
204,0.001294040703214705,0.0008066160953603685,0.0001954186530491265,23.375313758850098
205,0.0012785957660526037,0.0006071570096537471,0.0001953740175162954,23.48900842666626
206,0.003716099541634321,0.001448306255042553,0.00019532917133156287,23.5651216506958
207,0.0009529035887680948,0.0003342838608659804,0.0001952841146055824,23.642343282699585
208,0.0014424219261854887,0.0005050937761552632,0.00019523884744952698,23.72720170021057
209,0.002593396231532097,0.003683836432173848,0.00019519336997508884,23.876179218292236
210,0.0020581919234246016,0.0016589643200859427,0.0001951476822944791,23.950360536575317
211,0.0027842510025948286,0.00102851667907089,0.00019510178452042756,24.026244640350342
212,0.0009456413681618869,0.0006657708436250687,0.00019505567676618245,24.099485158920288
213,0.0013486661482602358,0.0016309547936543822,0.00019500935914551007,24.26414179801941
214,0.0018319336231797934,0.0005080865230411291,0.0001949628317726945,24.347525119781494
215,0.0006676639313809574,0.00045252934796735644,0.00019491609476253742,24.432567596435547
216,0.0014349559787660837,0.00045327143743634224,0.00019486914823035783,24.505136966705322
217,0.0011951959459111094,0.0017347719985991716,0.00019482199229199152,24.606301069259644
218,0.006601357366889715,0.0033751328010112047,0.00019477462706379115,24.732704401016235
219,0.002205702243372798,0.0014720421750098467,0.00019472705266262573,24.816408395767212
220,0.0015130187384784222,0.0003968808159697801,0.0001946792692058803,24.891841411590576
221,0.0007267204928211868,0.0005677545559592545,0.00019463127681145585,25.012670516967773
222,0.0022639972157776356,0.0005831611924804747,0.00019458307559776878,25.18636965751648
223,0.003081205300986767,0.0007719796849414706,0.00019453466568375086,25.259228706359863
224,0.001698939478956163,0.0008257653098553419,0.00019448604718884868,25.337996244430542
225,0.00179202517028898,0.0005315662710927427,0.0001944372202330236,25.419256925582886
226,0.0018548680236563087,0.0006628879928030074,0.00019438818493675123,25.57247233390808
227,0.000963493948802352,0.000421543896663934,0.0001943389414210213,25.653213024139404
228,0.0009709058213047683,0.0004314333782531321,0.00019428948980733734,25.726717233657837
229,0.0015612057177349925,0.0004692160873673856,0.0001942398302177162,25.833117485046387
230,0.0013159792870283127,0.00033920054556801915,0.0001941899627746881,25.969783067703247
231,0.0032128316815942526,0.000719148782081902,0.00019413988760129584,26.045761823654175
232,0.0014151142677292228,0.0012690263101831079,0.0001940896048210951,26.1275475025177
233,0.0023043041583150625,0.0005671698600053787,0.00019403911455815353,26.223273277282715
234,0.0015550237149000168,0.0027032785583287477,0.00019398841693705088,26.342974424362183
235,0.0016164201078936458,0.0015700514195486903,0.00019393751208287847,26.417737245559692
236,0.0031104907393455505,0.006085989065468311,0.00019388640012123898,26.501307725906372
237,0.0019461069023236632,0.001108603086322546,0.00019383508117824612,26.634844064712524
238,0.0027093361131846905,0.0009933706605806947,0.00019378355538052423,26.730687618255615
239,0.0014018749352544546,0.0005790049908682704,0.00019373182285520812,26.815303564071655
240,0.0011046617291867733,0.0004312320670578629,0.00019367988372994265,26.890281200408936
241,0.0018749337177723646,0.00040994302253238857,0.00019362773813288243,26.98357343673706
242,0.0026265939231961966,0.0014161219587549567,0.00019357538619269157,27.118651866912842
243,0.000966387742664665,0.0003289548330940306,0.00019352282803854326,27.191365242004395
244,0.0012086313217878342,0.0004833247512578964,0.00019347006380011951,27.272753477096558
245,0.0009578887256793678,0.0004682991420850158,0.00019341709360761087,27.424920082092285
246,0.0013169411104172468,0.001095013809390366,0.000193363917591716,27.498589992523193
247,0.002538295928388834,0.0006689282017759979,0.00019331053588364145,27.57537841796875
248,0.00261656753718853,0.000849385280162096,0.0001932569486151012,27.648075103759766
249,0.0034924715291708708,0.000715332746040076,0.00019320315591831667,27.79999589920044
250,0.0016202025581151247,0.0012539824238047004,0.00019314915792601581,27.894223928451538
251,0.002426627092063427,0.002474291482940316,0.0001930949547714334,27.970212936401367
252,0.0013662122655659914,0.0006410095957107842,0.00019304054658831035,28.043171405792236
253,0.0035909160505980253,0.002745787613093853,0.00019298593351089338,28.21084499359131
254,0.004812148399651051,0.001481299172155559,0.00019293111567393487,28.283997058868408
255,0.0006122312042862177,0.00024111982202157378,0.00019287609321269237,28.367796182632446
256,0.0013446350349113345,0.0004600167740136385,0.00019282086626292835,28.441154956817627
257,0.0015053069218993187,0.0027382520493119955,0.00019276543496090978,28.65655016899109
258,0.0013309697387740016,0.0004715777758974582,0.00019270979944340793,28.74064826965332
259,0.0036198049783706665,0.001407735631801188,0.00019265395984769786,28.815020322799683
260,0.0008522681891918182,0.00020136847160756588,0.0001925979163115583,28.88777780532837
261,0.0029928176663815975,0.006152426358312368,0.00019254166897327105,29.021761655807495
262,0.0013444917276501656,0.00038955648778937757,0.0001924852179716208,29.095346689224243
263,0.0008042134577408433,0.000784369942266494,0.00019242856344589486,29.171337366104126
264,0.0003583870711736381,0.00038189603947103024,0.00019237170553588258,29.256964206695557
265,0.0025940733030438423,0.0014440002851188183,0.00019231464438187524,29.43264675140381
266,0.004205646924674511,0.0009064761106856167,0.0001922573801246655,29.518293380737305
267,0.002808230696246028,0.0012859255075454712,0.00019219991290554732,29.59102487564087
268,0.0052572451531887054,0.0037170513533055782,0.00019214224286631527,29.665676832199097
269,0.001954918960109353,0.004125406499952078,0.00019208437014926446,29.82266402244568
270,0.0011330493725836277,0.0006777023081667721,0.0001920262948971901,29.89969563484192
271,0.001492237439379096,0.00024717344786040485,0.00019196801725338702,29.97390651702881
272,0.001491170609369874,0.0003968987730331719,0.00019190953736164963,30.057289838790894
273,0.002502688905224204,0.0006190579733811319,0.00019185085536627114,30.196393728256226
274,0.0013960255309939384,0.0011276480508968234,0.00019179197141204363,30.271342754364014
275,0.0025281046982854605,0.0005897059454582632,0.00019173288564425733,30.344636917114258
276,0.005186312831938267,0.0009814688237383962,0.00019167359820870052,30.418355464935303
277,0.0009244430693797767,0.0006685621337965131,0.0001916141092516591,30.604623317718506
278,0.002106699626892805,0.0008816809859126806,0.0001915544189199161,30.679049968719482
279,0.004054617136716843,0.001893296604976058,0.0001914945273607515,30.763874053955078
280,0.0022507086396217346,0.0017106859013438225,0.00019143443472194178,30.836858987808228
281,0.0018878018017858267,0.0005215376149863005,0.00019137414115175954,30.95354676246643
282,0.003106531221419573,0.0012193408329039812,0.00019131364679897313,31.029744148254395
283,0.0014421030646190047,0.0005633992841467261,0.00019125295181284644,31.10770845413208
284,0.0010554068721830845,0.0003406449395697564,0.00019119205634313827,31.191892623901367
285,0.0006695166230201721,0.0004822338523808867,0.00019113096054010212,31.343145608901978
286,0.0017390111461281776,0.001335621695034206,0.00019106966455448583,31.41599178314209
287,0.0006433487287722528,0.0006568771204911172,0.00019100816853753115,31.491852521896362
288,0.0020118867978453636,0.0007254635565914214,0.0001909464726409734,31.57653021812439
289,0.0034367551561444998,0.0008157791453413665,0.00019088457701704108,31.70790457725525
290,0.0014205416664481163,0.001048838603310287,0.0001908224818184554,31.780709743499756
291,0.0009718965739011765,0.0005655444110743701,0.00019076018719843023,31.86534595489502
292,0.00133762217592448,0.00030948183848522604,0.00019069769331067125,31.942606449127197
293,0.0014466227730736136,0.0006704428815282881,0.00019063500030937593,32.09914040565491
294,0.0014378956984728575,0.0004075214092154056,0.00019057210834923306,32.17236280441284
295,0.00046053872210904956,0.00048385627451352775,0.00019050901758542227,32.24782180786133
296,0.001553601585328579,0.0016621799441054463,0.00019044572817361374,32.32643175125122
297,0.0007989957230165601,0.0006929794326424599,0.00019038224026996783,32.450684785842896
298,0.0015383865684270859,0.00035459245555102825,0.0001903185540311346,32.52973937988281
299,0.001975163584575057,0.0008435036288574338,0.00019025466961425356,32.601932764053345
300,0.0011763274669647217,0.0007087299018166959,0.0001901905871769531,32.6851282119751
301,0.002704896032810211,0.002134407637640834,0.00019012630687735032,34.131033420562744
302,0.002699111355468631,0.0010037478059530258,0.00019006182887405045,34.20474910736084
303,0.003180151805281639,0.0009255367331206799,0.0001899971533261465,34.28420543670654
304,0.0021438193507492542,0.0006051663658581674,0.00018993228039321903,34.357279539108276
305,0.0023881252855062485,0.0016116336919367313,0.00018986721023533552,34.567079305648804
306,0.0010201213881373405,0.0003607886901590973,0.0001898019430130501,34.64127969741821
307,0.0011691426625475287,0.0007111066952347755,0.00018973647888740315,34.72314119338989
308,0.002990319859236479,0.00277253077365458,0.00018967081801992097,34.80028986930847
309,0.0017200028523802757,0.0015135306166484952,0.00018960496057261517,34.97525382041931
310,0.0020693596452474594,0.0010138631332665682,0.00018953890670798243,35.054415225982666
311,0.0015971095999702811,0.0003635463071987033,0.0001894726565890041,35.131842374801636
312,0.000997261144220829,0.0004967898712493479,0.0001894062103791458,35.213932037353516
313,0.002089880872517824,0.0009083106997422874,0.00018933956824235693,35.394599199295044
314,0.001627421355806291,0.001436947612091899,0.00018927273034307035,35.4783718585968
315,0.0008412337629124522,0.0019179146038368344,0.00018920569684620188,35.55478835105896
316,0.0021781150717288256,0.00042601977474987507,0.00018913846791715006,35.627692222595215
317,0.0022978829219937325,0.0006624587113037705,0.0001890710437217956,35.786051511764526
318,0.0008485456928610802,0.0003720112727023661,0.00018900342442650098,35.85942101478577
319,0.002037693979218602,0.0007455830345861614,0.00018893561019811005,35.9394371509552
320,0.0014995622914284468,0.0007755500846542418,0.00018886760120394774,36.014336824417114
321,0.0007406265358440578,0.00030836116638965905,0.00018879939761181944,36.19838619232178
322,0.001359356101602316,0.0005704800714738667,0.00018873099959001077,36.2751202583313
323,0.0017929476452991366,0.000667041284032166,0.00018866240730728702,36.352946758270264
324,0.0008998310077004135,0.00033536923001520336,0.0001885936209328928,36.42549014091492
325,0.0018521299352869391,0.0004715331015177071,0.00018852464063655176,36.62292456626892
326,0.0010000569745898247,0.000978729221969843,0.00018845546658846583,36.6971869468689
327,0.0007059792405925691,0.00031253782799467444,0.0001883860989593151,36.771461486816406
328,0.0015534963458776474,0.0005134714301675558,0.0001883165379202573,36.85633587837219
329,0.0014471292961388826,0.000525479787029326,0.00018824678364292744,37.00484561920166
330,0.0020087286829948425,0.006350874435156584,0.00018817683629943722,37.07925295829773
331,0.0013402719050645828,0.000599315797444433,0.00018810669606237476,37.153390884399414
332,0.002314745681360364,0.0011589783243834972,0.0001880363631048041,37.235450744628906
333,0.002795873675495386,0.005646598059684038,0.0001879658376002649,37.41941785812378
334,0.0024986709468066692,0.000939814024604857,0.00018789511972277172,37.49295735359192
335,0.0021090570371598005,0.0009793172357603908,0.00018782420964681397,37.571224212646484
336,0.001301132026128471,0.0012926615308970213,0.00018775310754735517,37.655344009399414
337,0.001261698780581355,0.0006047964561730623,0.00018768181359983275,37.85345792770386
338,0.0009620091295801103,0.0005238076555542648,0.00018761032798015736,37.933398962020874
339,0.0013767618220299482,0.0005122804432176054,0.00018753865086471272,38.00736355781555
340,0.004029960371553898,0.0008162854355759919,0.00018746678243035495,38.08090949058533
341,0.001221144455485046,0.00028487914823926985,0.00018739472285441227,38.2370388507843
342,0.0037526327650994062,0.0008402949897572398,0.00018732247231468454,38.321593046188354
343,0.0004994711489416659,0.0005802929517813027,0.00018725003098944273,38.40387749671936
344,0.0014114284422248602,0.001244505518116057,0.00018717739905742872,38.47671937942505
345,0.002220393856987357,0.0010977901984006166,0.00018710457669785449,38.60565710067749
346,0.00162304169498384,0.0006261030794121325,0.00018703156409040198,38.67927551269531
347,0.001053869491443038,0.00033391659962944686,0.00018695836141522257,38.755433559417725
348,0.0007728625787422061,0.020108405500650406,0.00018688496885293658,38.82952046394348
349,0.0008280820911750197,0.00022258820536080748,0.00018681138658463285,39.009371280670166
350,0.002205630298703909,0.0031050131656229496,0.00018673761479186832,39.08331871032715
351,0.001648181350901723,0.0006050989613868296,0.00018666365365666753,39.1592116355896
352,0.0018533968832343817,0.0004904146771878004,0.00018658950336152228,39.23586392402649
353,0.001578901195898652,0.001396833686158061,0.000186515164089391,39.37927532196045
354,0.0024225120432674885,0.0015159925678744912,0.0001864406360236985,39.452662229537964
355,0.0028238818049430847,0.0005866909050382674,0.00018636591934833536,39.5333456993103
356,0.0006178300827741623,0.0003281306417193264,0.0001862910142476575,39.62036180496216
357,0.0013395564164966345,0.0003705236013047397,0.00018621592090648588,39.77370738983154
358,0.001027459162287414,0.0005907704471610487,0.00018614063951010582,39.84750962257385
359,0.0028423189651221037,0.0007851266418583691,0.00018606517024426667,39.92196559906006
360,0.00098167615942657,0.0003748255257960409,0.00018598951329518138,39.99972128868103
361,0.0014798862393945456,0.000415014656027779,0.0001859136688495259,40.190019845962524
362,0.0015440353890880942,0.0005974876694381237,0.00018583763709443892,40.26284050941467
363,0.001863290322944522,0.00037932253326289356,0.0001857614182175212,40.347872495651245
364,0.001035359688103199,0.00041757983854040504,0.0001856850124068352,40.425779819488525
365,0.00147574907168746,0.0007220215047709644,0.00018560841985090478,40.62768220901489
366,0.0026047746650874615,0.004903196822851896,0.00018553164073871435,40.702619791030884
367,0.000723193516023457,0.00027316316845826805,0.0001854546752597088,40.78006672859192
368,0.0030517978593707085,0.00750272860750556,0.00018537752360379278,40.86173105239868
369,0.0014962319983169436,0.0003641379880718887,0.00018530018596133027,41.01219463348389
370,0.0015593416756018996,0.0005113151855766773,0.00018522266252314436,41.08843183517456
371,0.0028967768885195255,0.0033040521666407585,0.00018514495348051626,41.16265320777893
372,0.003672973020002246,0.0011831112205982208,0.00018506705902518542,41.24687361717224
373,0.001706034759990871,0.000958950025960803,0.00018498897934934863,41.38074254989624
374,0.0014070614706724882,0.0011855725897476077,0.00018491071464565972,41.45525550842285
375,0.0011513041099533439,0.0004917265614494681,0.0001848322651072291,41.53690528869629
376,0.001340947113931179,0.0007157562649808824,0.00018475363092762315,41.622140407562256
377,0.0037029290106147528,0.001533463946543634,0.00018467481230086393,41.77656126022339
378,0.0016166059067472816,0.0005222699255682528,0.00018459580942142858,41.85559320449829
379,0.004234714433550835,0.0017980043776333332,0.00018451662248424885,41.929415225982666
380,0.0018936321139335632,0.0038090732414275408,0.00018443725168471056,42.00482654571533
381,0.0007665622979402542,0.0006890390650369227,0.00018435769721865337,42.149861335754395
382,0.0020202090963721275,0.001678947010077536,0.00018427795928236998,42.22292995452881
383,0.0006073589320294559,0.00036970333894714713,0.00018419803807260578,42.296836376190186
384,0.00220836466178298,0.0005856372299604118,0.00018411793378655847,42.370912075042725
385,0.0023834374733269215,0.0015318255173042417,0.0001840376466218774,42.48876070976257
386,0.0049426620826125145,0.0018625500379130244,0.00018395717677666313,42.5686194896698
387,0.0015227256808429956,0.0003170887939631939,0.00018387652444946703,42.641098737716675
388,0.0019643856212496758,0.0003495692799333483,0.00018379568983929075,42.71376419067383
389,0.0009446967160329223,0.0005062798736616969,0.00018371467314558555,42.895448446273804
390,0.0005752826691605151,0.0002938467951025814,0.0001836334745682521,42.968454122543335
391,0.0030170343816280365,0.005203333683311939,0.0001835520943076399,43.04647731781006
392,0.0010810772655531764,0.0009563551284372807,0.00018347053256454658,43.121516704559326
393,0.0009790427284315228,0.0007663982105441391,0.00018338878954021762,43.27570843696594
394,0.0012883120216429234,0.0005415034247562289,0.00018330686543634585,43.35958504676819
395,0.002206625184044242,0.0010307529009878635,0.00018322476045507085,43.43661594390869
396,0.003309121122583747,0.0016839693998917937,0.00018314247479897847,43.51343870162964
397,0.0017473502084612846,0.0004048596601933241,0.0001830600086711004,43.66271924972534
398,0.002075998578220606,0.0009429725469090044,0.00018297736227491362,43.745909690856934
399,0.0008906467701308429,0.0005293054273352027,0.00018289453581433988,43.82975125312805
400,0.002225686563178897,0.001502431114204228,0.00018281152949374527,43.91235589981079
401,0.0027172002010047436,0.00338885304518044,0.00018272834351793963,45.27146053314209
402,0.0016381528694182634,0.0003730780736077577,0.00018264497809217603,45.34561538696289
403,0.002151832450181246,0.0006799027905799448,0.00018256143342215044,45.4239137172699
404,0.001618630951270461,0.0004014672595076263,0.00018247770971400098,45.501551389694214
405,0.0044862511567771435,0.0016404172638431191,0.0001823938071743076,45.65493988990784
406,0.0007098078494891524,0.00035383718204684556,0.0001823097260100915,45.73678159713745
407,0.0037514660507440567,0.003517718752846122,0.00018222546642881454,45.81100296974182
408,0.0012679292121902108,0.0006311942706815898,0.0001821410286383789,45.891178131103516
409,0.002355005592107773,0.0010299746645614505,0.00018205641284712643,46.03297519683838
410,0.0006210362771525979,0.0008692663395777345,0.00018197161926383816,46.106698513031006
411,0.0017787199467420578,0.0009387557511217892,0.00018188664809773385,46.18007946014404
412,0.0009325278806500137,0.0002975965035147965,0.0001818014995584714,46.25451159477234
413,0.0013093147426843643,0.00050863076467067,0.00018171617385614636,46.41834354400635
414,0.0013469085097312927,0.0009516706340946257,0.0001816306712012914,46.49435472488403
415,0.0007678332040086389,0.000573114724829793,0.00018154499180487592,46.57112002372742
416,0.000935584248509258,0.0005043910350650549,0.00018145913587830516,46.6464307308197
417,0.0009935807902365923,0.00047759118024259806,0.0001813731036334202,46.85682773590088
418,0.0025300560519099236,0.0013122559757903218,0.00018128689528249705,46.94070649147034
419,0.0038535890635102987,0.0020616876427084208,0.00018120051103824616,47.0132737159729
420,0.0013112274464219809,0.0008525346638634801,0.00018111395111381214,47.08659267425537
421,0.0006129111861810088,0.0003510600363370031,0.00018102721572277298,47.24835562705994
422,0.0015816313680261374,0.00047407345846295357,0.0001809403050791396,47.32166123390198
423,0.0007725341711193323,0.0005038041854277253,0.00018085321939735545,47.39541506767273
424,0.0010537293273955584,0.00017444981494918466,0.0001807659588922957,47.46913933753967
425,0.0022366137709468603,0.0006812757928855717,0.00018067852377926704,47.61225605010986
426,0.0027934773825109005,0.001243273145519197,0.00018059091427400693,47.69328832626343
427,0.0010043944930657744,0.0005456512444652617,0.00018050313059268303,47.767364501953125
428,0.0023370208218693733,0.0011376681504771113,0.00018041517295189292,47.841501235961914
429,0.0020488440059125423,0.0008800588548183441,0.00018032704156866334,48.03721237182617
430,0.0012924459297209978,0.0007186485454440117,0.00018023873666044967,48.11002445220947
431,0.00141001062002033,0.0005576820112764835,0.00018015025844513553,48.18291115760803
432,0.00130278873257339,0.00031215514172799885,0.00018006160714103213,48.25829768180847
433,0.0015948809450492263,0.0005619814619421959,0.0001799727829668777,48.47542095184326
434,0.0018494179239496589,0.0007280734134837985,0.00017988378614183708,48.55600452423096
435,0.00364370527677238,0.0026759160682559013,0.0001797946168855011,48.62831950187683
436,0.0005236593424342573,0.00019876327132806182,0.00017970527541788606,48.704293966293335
437,0.001504171872511506,0.0017553998623043299,0.0001796157619594331,48.8716504573822
438,0.0009909061482176185,0.00036099410499446094,0.0001795260767310078,48.94426608085632
439,0.0030166753567755222,0.0010811304673552513,0.00017943621995389957,49.02743458747864
440,0.0011862101964652538,0.0002222126495325938,0.000179346191849821,49.102240562438965
441,0.0017685831990092993,0.0007064791861921549,0.0001792559926409076,49.24455761909485
442,0.0017834731843322515,0.0004928678390569985,0.0001791656225497169,49.32310128211975
443,0.0015466702170670033,0.0013971254229545593,0.0001790750817992281,49.398414850234985
444,0.0024280438665300608,0.0008138837292790413,0.0001789843706128415,49.47693586349487
445,0.00046225692494772375,0.00016867260274011642,0.00017889348921437795,49.61469221115112
446,0.003268369473516941,0.002506622578948736,0.00017880243782807825,49.691248178482056
447,0.0026424729730933905,0.0011431429302319884,0.00017871121667860268,49.77091383934021
448,0.0025343867018818855,0.0007334397523663938,0.0001786198259910303,49.8444459438324
449,0.0003964437637478113,0.00018112797988578677,0.0001785282659908586,50.00273156166077
450,0.0008060845430009067,0.0005852780886925757,0.00017843653690400278,50.075623512268066
451,0.0021748102735728025,0.0017176145920529962,0.0001783446389567952,50.15217852592468
452,0.00071567518170923,0.002411758527159691,0.000178252572375985,50.23254346847534
453,0.0020011826418340206,0.0020815555471926928,0.00017816033738873716,50.483314990997314
454,0.0027607574593275785,0.0011052553309127688,0.0001780679342226325,50.55932593345642
455,0.001250934205017984,0.00030037143733352423,0.00017797536310566655,50.642207860946655
456,0.0014820834621787071,0.0008706599473953247,0.00017788262426624937,50.719154596328735
457,0.04280047118663788,3.5059878826141357,0.0001777897179332048,50.82622814178467
458,0.0011148764751851559,0.0009551745024509728,0.00017769664433577002,50.90758466720581
459,0.0011265234788879752,0.00042033250792883337,0.00017760340370359489,50.98325967788696
460,0.001313554821535945,0.003985828720033169,0.00017750999626674137,51.05595111846924
461,0.0007995620253495872,0.0004512307932600379,0.00017741642225568304,51.25836372375488
462,0.002463360084220767,0.0019447609083727002,0.00017732268190130443,51.33417510986328
463,0.001509233727119863,0.0005458893137983978,0.0001772287754349006,51.41774916648865
464,0.00117020052857697,0.000980816432274878,0.0001771347030881764,51.4946448802948
465,0.0011995143722742796,0.0018530809320509434,0.00017704046509324598,51.64371633529663
466,0.002435134956613183,0.0013381601311266422,0.00017694606168263226,51.717029333114624
467,0.000949264969676733,0.0011070312466472387,0.00017685149308926625,51.791913747787476
468,0.0013669589534401894,0.001602923613972962,0.00017675675954648655,51.866812229156494
469,0.0055089956149458885,0.0022931748535484076,0.00017666186128803877,52.03329515457153
470,0.0021268902346491814,0.0018726044800132513,0.00017656679854807488,52.105841398239136
471,0.005429928656667471,0.013751243241131306,0.0001764715715611528,52.179908990859985
472,0.0032051261514425278,0.005700524430721998,0.00017637618056223566,52.25359344482422
473,0.0018836231902241707,0.006642709486186504,0.00017628062578669125,52.37841296195984
474,0.0025208978913724422,0.011215362697839737,0.00017618490747029145,52.451775789260864
475,0.003104089293628931,0.005951727274805307,0.0001760890258492117,52.52946186065674
476,0.0014218308497220278,0.017890706658363342,0.00017599298116003042,52.60580921173096
477,0.0019298880361020565,0.014537038281559944,0.00017589677363972827,52.79353094100952
478,0.003707584459334612,0.0193913783878088,0.0001758004035256878,52.876094818115234
479,0.0006878631538711488,0.022636786103248596,0.0001757038710556926,52.94980049133301
480,0.001222415128722787,0.0020415831822901964,0.00017560717646792704,53.02422308921814
481,0.0015418685507029295,0.005601234268397093,0.00017551032000097535,53.12454009056091
482,0.0016929900739341974,0.019023379310965538,0.00017541330189382127,53.196526288986206
483,0.0033802117686718702,0.01966876909136772,0.0001753161223858473,53.268919706344604
484,0.0020555532537400723,0.007410596590489149,0.0001752187817168342,53.34485459327698
485,0.0027204565703868866,0.007338472176343203,0.00017512128012696043,53.4909234046936
486,0.005812661722302437,1.7079325914382935,0.00017502361785680148,53.57072615623474
487,0.0010693909134715796,0.01633385382592678,0.00017492579514732928,53.64403438568115
488,0.005759952124208212,0.31146439909935,0.0001748278122399116,53.71892762184143
489,0.007560813333839178,0.11254993826150894,0.0001747296693763116,53.853387117385864
490,0.003836859716102481,0.4889847934246063,0.00017463136679868698,53.93609547615051
491,0.004985820036381483,0.45281603932380676,0.00017453290474958962,54.01155233383179
492,0.0018324756529182196,0.010695110075175762,0.0001744342834719648,54.086737632751465
493,0.0012852686922997236,0.006679474841803312,0.00017433550320915077,54.250882148742676
494,0.0052561573684215546,0.25986215472221375,0.00017423656420487792,54.324206829071045
495,0.012985460460186005,1.658788800239563,0.0001741374667032685,54.405844926834106
496,0.0026964624412357807,0.002376662800088525,0.00017403821094883571,54.47919416427612
497,0.0012123017804697156,0.0005208331276662648,0.00017393879718648322,54.600865602493286
498,0.001460125669836998,0.000723953009583056,0.00017383922566150466,54.67348384857178
499,0.002594982972368598,0.0013077479088678956,0.00017373949661958284,54.74838900566101
500,0.0024031749926507473,0.0009618439944460988,0.00017363961030678927,54.820976972579956
501,0.0013977587223052979,0.0009266059496439993,0.0001735395669695835,56.157471895217896
502,0.0008859957451932132,0.0009244525572285056,0.00017343936685481254,56.230339765548706
503,0.0018108075018972158,0.0024597414303570986,0.00017333901020971017,56.30418038368225
504,0.0022522525396198034,0.0013958264607936144,0.00017323849728189644,56.378244161605835
505,0.0013131636660546064,0.0010576193453744054,0.00017313782831937703,56.573298931121826
506,0.0012016743421554565,0.0018820628756657243,0.0001730370035705426,56.64663076400757
507,0.001270971493795514,0.0010435786098241806,0.00017293602328416816,56.72530508041382
508,0.0011445318814367056,0.0009596633608452976,0.00017283488770941256,56.8031120300293
509,0.0017113108187913895,0.0017000456573441625,0.00017273359709581775,56.978437423706055
510,0.001076412620022893,0.001120291999541223,0.0001726321516933083,57.055930614471436
511,0.004011695738881826,0.0015709089348092675,0.00017253055175219062,57.140740156173706
512,0.003082679118961096,0.011246927082538605,0.00017242879752315244,57.215293169021606
513,0.0015677763149142265,0.0013751693768426776,0.00017232688925726227,57.36509943008423
514,0.0029580011032521725,0.0026709632948040962,0.00017222482720596858,57.43999004364014
515,0.002184048295021057,0.0052391053177416325,0.00017212261162109934,57.52708673477173
516,0.001272072084248066,0.001501858583651483,0.00017202024275486137,57.59946060180664
517,0.0027108783833682537,0.003443232038989663,0.00017191772085983965,57.73673391342163
518,0.002204115269705653,0.01953447051346302,0.00017181504618899674,57.81044554710388
519,0.0009447401389479637,0.00037092072307132185,0.00017171221899567224,57.88661241531372
520,0.0034322990104556084,0.003180001163855195,0.000171609239533582,57.96321654319763
521,0.0016901291674003005,0.0005547459586523473,0.00017150610805681757,58.11496615409851
522,0.001464495318941772,0.0004450534179341048,0.0001714028248198457,58.18865776062012
523,0.002236182801425457,0.001982081215828657,0.0001712993900775074,58.276819705963135
524,0.0016886102966964245,0.0010681846179068089,0.00017119580408501772,58.35294580459595
525,0.001311926986090839,0.0006416784599423409,0.00017109206709796477,58.52774119377136
526,0.0008011012687347829,0.002111786277964711,0.00017098817937230923,58.60186171531677
527,0.0018415425438433886,0.0003349274629727006,0.0001708841411643837,58.67953872680664
528,0.0026133484207093716,0.0027028238400816917,0.0001707799527308922,58.75700831413269
529,0.001408977317623794,0.0004780860908795148,0.00017067561432890932,58.9324848651886
530,0.0015647939871996641,0.0006227619014680386,0.0001705711262158796,59.01114320755005
531,0.003417792497202754,0.001350422389805317,0.0001704664886496172,59.090577125549316
532,0.0014933566562831402,0.0008018992375582457,0.00017036170188830483,59.17241621017456
533,0.00030634121503680944,0.000312611780827865,0.0001702567661904934,59.28410816192627
534,0.0027871213387697935,0.0013645271537825465,0.00017015168181510137,59.362202644348145
535,0.0013918622862547636,0.0005003499099984765,0.00017004644902141397,59.43579149246216
536,0.0016742260195314884,0.0005076462402939796,0.00016994106806908266,59.51999020576477
537,0.001612965832464397,0.000340165599482134,0.00016983553921812443,59.64979100227356
538,0.001264163525775075,0.00042778311762958765,0.0001697298627289213,59.724751472473145
539,0.0017213564133271575,0.0012521856697276235,0.00016962403886221938,59.80142784118652
540,0.0023079346865415573,0.0009127382072620094,0.00016951806787912868,59.88398051261902
541,0.0008104240987449884,0.0005613851826637983,0.00016941195004112198,60.01793909072876
542,0.001991594210267067,0.0021200531627982855,0.00016930568561003456,60.10305690765381
543,0.002127486513927579,0.0008135986281558871,0.00016919927484806326,60.18312931060791
544,0.001353684812784195,0.00028641775134019554,0.0001690927180177661,60.25959610939026
545,0.003032117849215865,0.0022590148728340864,0.00016898601538206144,60.40460729598999
546,0.0023135333321988583,0.000970917462836951,0.00016887916720422752,60.48050355911255
547,0.0013049584813416004,0.0003567577514331788,0.00016877217374790149,60.559075117111206
548,0.0019766823388636112,0.0007267278851941228,0.0001686650352770791,60.63138222694397
549,0.0021500540897250175,0.0006393492803908885,0.00016855775205611387,60.82630896568298
550,0.000511056452523917,0.00028481794288381934,0.00016845032434971652,60.90337824821472
551,0.0009295712225139141,0.00040955498116090894,0.00016834275242295422,60.977545738220215
552,0.0006927561480551958,0.0007632617489434779,0.00016823503654125,61.05063724517822
553,0.0011696958681568503,0.0006216648034751415,0.00016812717697038207,61.27401328086853
554,0.0018322927644476295,0.002131881657987833,0.00016801917397648322,61.34710216522217
555,0.0023727621883153915,0.002734486013650894,0.0001679110278260401,61.43314599990845
556,0.004780634306371212,0.0018427106551826,0.00016780273878589261,61.524396896362305
557,0.0022669020108878613,0.00043805784662254155,0.00016769430712323312,61.66613435745239
558,0.0018376931548118591,0.0011788877891376615,0.00016758573310560605,61.750389099121094
559,0.0037997718900442123,0.0010813972912728786,0.000167477017000907,61.82853555679321
560,0.002626330591738224,0.0009582050261087716,0.0001673681590773821,61.91067361831665
561,0.0030651241540908813,0.0018406246090307832,0.00016725915960362747,62.01037669181824
562,0.001339253387413919,0.0003708566655404866,0.00016715001884858849,62.082951068878174
563,0.002382503356784582,0.000631675822660327,0.0001670407370815591,62.15590739250183
564,0.0017514636274427176,0.00032997719245031476,0.0001669313145721812,62.23527431488037
565,0.0020841960795223713,0.0004546141135506332,0.000166821751590444,62.384714126586914
566,0.0013407408259809017,0.00028708347235806286,0.00016671204840668322,62.47844314575195
567,0.001915736123919487,0.0006875538965687156,0.0001666022052915806,62.55497670173645
568,0.0014399354113265872,0.0003106428193859756,0.00016649222251616307,62.627431869506836
569,0.0009740739478729665,0.00021390223992057145,0.00016638210035180217,62.72049331665039
570,0.00040239194640889764,0.00032928408472798765,0.00016627183907021346,62.879265785217285
571,0.0028614066541194916,0.0007238512625917792,0.00016616143894345568,62.952481508255005
572,0.0007186969742178917,0.0006807362078689039,0.00016605090024393013,63.02498745918274
573,0.002009752206504345,0.0006683713290840387,0.0001659402232443801,63.10018253326416
574,0.0016121919034048915,0.00048525346210226417,0.00016582940821789006,63.28764843940735
575,0.0023273886181414127,0.0007715509855188429,0.00016571845543788508,63.36097002029419
576,0.0010288155172020197,0.00045493122888728976,0.0001656073651781301,63.43743681907654
577,0.0016535762697458267,0.000720942160114646,0.00016549613771272932,63.52148175239563
578,0.002579083200544119,0.004832302685827017,0.00016538477331612546,63.66287899017334
579,0.001544630853459239,0.0006548776873387396,0.00016527327226309904,63.74424743652344
580,0.0008316498133353889,0.00119329197332263,0.0001651616348287679,63.81743550300598
581,0.0025313885416835546,0.0006216514739207923,0.00016504986128858625,63.91344594955444
582,0.0017186198383569717,0.0009777533123269677,0.00016493795191834424,64.07537841796875
583,0.002830779878422618,0.0011897453805431724,0.00016482590699416706,64.16110348701477
584,0.0006172691355459392,0.0006034660618752241,0.0001647137267925145,64.23662161827087
585,0.0009153419523499906,0.0003868116473313421,0.00016460141159017997,64.31019043922424
586,0.00203182315453887,0.0011567501351237297,0.00016448896166429013,64.47153091430664
587,0.0023684941697865725,0.0006213164888322353,0.00016437637729230394,64.54622554779053
588,0.002049405127763748,0.014255194924771786,0.00016426365875201224,64.61966753005981
589,0.0023176546674221754,0.0007920472999103367,0.00016415080632153673,64.69470643997192
590,0.0007328744977712631,0.0003188217233400792,0.00016403782027932956,64.84365487098694
591,0.0016403970075771213,0.000370247958926484,0.00016392470090417264,64.92590761184692
592,0.0018018744885921478,0.0021929065696895123,0.0001638114484751767,64.9988625049591
593,0.0011642588069662452,0.0035162740387022495,0.0001636980632717809,65.07218360900879
594,0.0011876506032422185,0.00033203582279384136,0.00016358454557375193,65.18316054344177
595,0.0022464580833911896,0.0028095233719795942,0.00016347089566118346,65.25574994087219
596,0.0008437929209321737,0.0006995914154686034,0.00016335711381449533,65.33220648765564
597,0.0015921478625386953,0.0010680202394723892,0.00016324320031443294,65.40599822998047
598,0.0017886314308270812,0.00042859671521000564,0.00016312915544206653,65.56538462638855
599,0.002598033519461751,0.0009702958050183952,0.00016301497947879046,65.63919568061829
600,0.0006323616835288703,0.0003976527659688145,0.0001629006727063226,65.71486163139343
601,0.0030115204863250256,0.001293193199671805,0.0001627862354067035,67.02889895439148
602,0.002893224125728011,0.0006082490435801446,0.00016267166786229593,67.1081793308258
603,0.0019310151692479849,0.000972175330389291,0.0001625569703557838,67.18327689170837
604,0.001410188153386116,0.0015093839028850198,0.00016244214317017185,67.25742721557617
605,0.001949532306753099,0.00045451876940205693,0.00016232718658878474,67.41446018218994
606,0.0015465588076040149,0.0011518074898049235,0.00016221210089526646,67.48943853378296
607,0.002743964549154043,0.0011265723733231425,0.00016209688637357943,67.56532096862793
608,0.0024972085375338793,0.002322894288226962,0.0001619815433080041,67.63874888420105
609,0.0012885637115687132,0.0007716355030424893,0.00016186607198313794,67.81457257270813
610,0.0011800727806985378,0.0006289724842645228,0.0001617504726838951,67.88787627220154
611,0.0007090294966474175,0.00041663332376629114,0.0001616347456955052,67.96151328086853
612,0.0015083902981132269,0.0003179792838636786,0.00016151889130351318,68.0356023311615
613,0.0026367928367108107,0.0008145476458594203,0.0001614029097937782,68.12348866462708
614,0.0023240591399371624,0.0027213487774133682,0.00016128680145247314,68.19715905189514
615,0.002331619616597891,0.0007070941501297057,0.00016117056656608377,68.27084517478943
616,0.002271518111228943,0.0007803785265423357,0.0001610542054214081,68.34452056884766
617,0.0022041297052055597,0.002056543482467532,0.00016093771830555568,68.5369656085968
618,0.0022338684648275375,0.0005007867584936321,0.00016082110550594695,68.60953330993652
619,0.0019606712739914656,0.0009614337468519807,0.00016070436731031233,68.68382954597473
620,0.0018680113134905696,0.0010248823091387749,0.00016058750400669175,68.76069259643555
621,0.0017402998637408018,0.0019880093168467283,0.0001604705158834338,68.93483185768127
622,0.003227613866329193,0.0007922819349914789,0.00016035340322919503,69.01034331321716
623,0.0011679349699988961,0.0004556909843813628,0.00016023616633293927,69.08922243118286
624,0.002824194263666868,0.0007597875082865357,0.00016011880548393693,69.1661102771759
625,0.001660219277255237,0.0003645243414212018,0.00016000132097176422,69.32049989700317
626,0.0009337821393273771,0.0009479211294092238,0.00015988371308630248,69.40016722679138
627,0.0010316353291273117,0.0003066850476898253,0.0001597659821177375,69.47778582572937
628,0.0011118267429992557,0.0010363985784351826,0.00015964812835655873,69.55327153205872
629,0.0016848023515194654,0.0005061355186626315,0.00015953015209355863,69.73924660682678
630,0.0010150211164727807,0.0004758232389576733,0.00015941205361983188,69.81423473358154
631,0.0013840141473338008,0.0003491486713755876,0.0001592938332267747,69.8882327079773
632,0.0012096354039385915,0.0005100022535771132,0.00015917549120608425,69.9621753692627
633,0.0014093273784965277,0.00027620792388916016,0.00015905702784975757,70.12738823890686
634,0.001339700073003769,0.0004357972939033061,0.00015893844345009133,70.20142459869385
635,0.0012131768744438887,0.00030015286756679416,0.00015881973829968068,70.27935791015625
636,0.0023086785804480314,0.0007794053526595235,0.00015870091269141882,70.3550386428833
637,0.0023132122587412596,0.0009845179738476872,0.00015858196691849612,70.50299763679504
638,0.001686746720224619,0.0016159573569893837,0.00015846290127439943,70.57967281341553
639,0.002096819458529353,0.001708152354694903,0.0001583437160529114,70.65338349342346
640,0.0016162310494109988,0.0007776737329550087,0.0001582244115481097,70.72584962844849
641,0.0009807333117350936,0.000470572616904974,0.00015810498805436635,70.90402460098267
642,0.002305690199136734,0.0009594474686309695,0.000157985445866347,70.97885012626648
643,0.001383327879011631,0.0006462719175033271,0.00015786578527901,71.05322456359863
644,0.0011651640525087714,0.0004194400680717081,0.0001577460065876061,71.12990641593933
645,0.0007555568590760231,0.00042654573917388916,0.00015762611008767716,71.29949474334717
646,0.003150123870000243,0.0022582500241696835,0.000157506096075056,71.37522077560425
647,0.002542096422985196,0.002893229015171528,0.00015738596484586516,71.44752335548401
648,0.0013725587632507086,0.0004540558438748121,0.00015726571669651663,71.52436470985413
649,0.0019789072684943676,0.0005729812546633184,0.00015714535192371066,71.70552968978882
650,0.002704713959246874,0.0019291038624942303,0.0001570248708244354,71.78652667999268
651,0.0028355438262224197,0.0008541726274415851,0.00015690427369596604,71.86260318756104
652,0.0014413122553378344,0.00034734810469672084,0.00015678356083586385,71.93914723396301
653,0.0014193220995366573,0.0004524537653196603,0.00015666273254197598,72.10773849487305
654,0.0018889600178226829,0.0009757271618582308,0.00015654178911243415,72.18350958824158
655,0.0025279575493186712,0.0006329859606921673,0.00015642073084565428,72.25934433937073
656,0.0011080547701567411,0.0003876832779496908,0.0001562995580403356,72.33321642875671
657,0.0022171949967741966,0.0009540594182908535,0.00015617827099545994,72.5078809261322
658,0.0013902172213420272,0.00047608366003260016,0.00015605687001029106,72.58437299728394
659,0.006271888967603445,0.0013545192778110504,0.0001559353553843738,72.65781903266907
660,0.0016571314772590995,0.0007449663244187832,0.00015581372741753341,72.73445773124695
661,0.001369159552268684,0.0013922435464337468,0.00015569198640987485,72.89966988563538
662,0.0016056150197982788,0.0013073059963062406,0.00015557013266178195,72.97428107261658
663,0.002941923914477229,0.0006368727190420032,0.00015544816647391666,73.0473747253418
664,0.0009651414002291858,0.00043965037912130356,0.00015532608814721848,73.12010383605957
665,0.001957348547875881,0.0006942442851141095,0.00015520389798290353,73.30019569396973
666,0.0018421076238155365,0.0004386568907648325,0.0001550815962824639,73.37528848648071
667,0.0016748551279306412,0.00035950186429545283,0.00015495918334766686,73.44894289970398
668,0.005518005695194006,0.0013121626107022166,0.00015483665948055417,73.52614712715149
669,0.001190253533422947,0.0007866647792980075,0.0001547140249834413,73.65824007987976
670,0.000881888612639159,0.0002547333133406937,0.0001545912801589167,73.73117065429688
671,0.0020059351809322834,0.0011284813517704606,0.00015446842530984095,73.80870652198792
672,0.003305204212665558,0.0007381560280919075,0.00015434546073934624,73.8825204372406
673,0.0022169656585901976,0.0014213768299669027,0.00015422238675083543,74.02777981758118
674,0.0023329020477831364,0.0006477656424976885,0.0001540992036479813,74.1151602268219
675,0.0022561047226190567,0.0006492531974799931,0.00015397591173472595,74.19053745269775
676,0.002906093141064048,0.0012370818294584751,0.00015385251131527991,74.263920545578
677,0.0020958015229552984,0.0006918887374922633,0.00015372900269412145,74.42227673530579
678,0.001219877041876316,0.00034207155113108456,0.00015360538617599585,74.49887990951538
679,0.0023648745846003294,0.0008949263137765229,0.00015348166206591448,74.57255864143372
680,0.001608024351298809,0.0005474155186675489,0.00015335783066915438,74.64559769630432
681,0.002003544243052602,0.000725508900359273,0.00015323389229125717,74.8181881904602
682,0.003246478270739317,0.00047994052874855697,0.0001531098472380285,74.89126467704773
683,0.0018706412520259619,0.0012804099824279547,0.0001529856958155372,74.96470665931702
684,0.001627952791750431,0.0012371321208775043,0.0001528614383301145,75.05613780021667
685,0.001509967027232051,0.00046685183770023286,0.00015273707508835354,75.22840666770935
686,0.0010331047233194113,0.0004854680155403912,0.00015261260639710811,75.30210399627686
687,0.001821933314204216,0.0008108067559078336,0.0001524880325634924,75.37760806083679
688,0.000409513246268034,0.0002233660634374246,0.00015236335389487996,75.45209860801697
689,0.0018625995144248009,0.003739570500329137,0.00015223857069890297,75.64555764198303
690,0.004168708808720112,0.0006127406959421933,0.0001521136832834516,75.7210762500763
691,0.0009067886276170611,0.00024109217338263988,0.00015198869195667315,75.79559326171875
692,0.0011271138209849596,0.00032216552062891424,0.00015186359702697126,75.86996126174927
693,0.0021416181698441505,0.0004387864610180259,0.00015173839880300527,76.0172986984253
694,0.0012300587259232998,0.0006241052760742605,0.00015161309759368925,76.0932343006134
695,0.0007711477810516953,0.0002947395551018417,0.00015148769370819162,76.17032861709595
696,0.001515778130851686,0.00041944533586502075,0.00015136218745593393,76.24793863296509
697,0.0013480521738529205,0.00034424441400915384,0.00015123657914659034,76.35571384429932
698,0.0014171036891639233,0.0004568170406855643,0.00015111086909008696,76.42937660217285
699,0.001795325893908739,0.0006292694015428424,0.00015098505759660082,76.50685381889343
700,0.0014722133055329323,0.0005734346341341734,0.00015085914497655923,76.59220623970032
701,0.002622698899358511,0.0012892759405076504,0.0001507331315406391,77.96305561065674
702,0.0017813704907894135,0.0005297391908243299,0.00015060701759976608,78.0369668006897
703,0.002120105316862464,0.0007226539892144501,0.00015048080346511373,78.10997223854065
704,0.0007224953733384609,0.00025785487378016114,0.00015035448944810293,78.18588519096375
705,0.0016137206694111228,0.0011710701510310173,0.00015022807586040094,78.37178301811218
706,0.0013644509017467499,0.000642478815279901,0.00015010156301392067,78.44477462768555
707,0.0010061420034617186,0.0005410075536929071,0.00014997495122082009,78.5245316028595
708,0.0008044003043323755,0.00020924289128743112,0.00014984824079350114,78.59842252731323
709,0.0005303573561832309,0.0003221970109734684,0.00014972143204460925,78.75267744064331
710,0.0015968929510563612,0.0015736784553155303,0.00014959452528703237,78.82602715492249
711,0.0015330997994169593,0.0005467356531880796,0.00014946752083390034,78.90068006515503
712,0.002512352541089058,0.00040543408249504864,0.000149340418998584,78.97813248634338
713,0.0011841861996799707,0.00022201015963219106,0.00014921322009469446,79.13385081291199
714,0.0020607472397387028,0.0004031026619486511,0.00014908592443608243,79.21284294128418
715,0.0014213647227734327,0.0005860450328327715,0.00014895853233683724,79.29604148864746
716,0.0021668863482773304,0.001052758190780878,0.00014883104411128633,79.37201762199402
717,0.0024019614793360233,0.0004914042656309903,0.00014870346007399412,79.49773669242859
718,0.0015334889758378267,0.0005653263651765883,0.00014857578053976156,79.57192897796631
719,0.001100444933399558,0.0003557453164830804,0.00014844800582362525,79.64662170410156
720,0.0016632660990580916,0.00033966664341278374,0.00014832013624085656,79.72418427467346
721,0.0007352657848969102,0.00027463759761303663,0.00014819217210696096,79.85148763656616
722,0.002086940687149763,0.0007462800131179392,0.00014806411373767731,79.93180584907532
723,0.0025108130648732185,0.0014843294629827142,0.00014793596144897683,80.00677299499512
724,0.005747039802372456,0.002086940221488476,0.00014780771555706257,80.08213019371033
725,0.0019036795711144805,0.0005093174986541271,0.00014767937637836853,80.25032448768616
726,0.0014680789317935705,0.00039763146196492016,0.0001475509442295589,80.32432341575623
727,0.001328627928160131,0.0005320008494891226,0.00014742241942752716,80.39964842796326
728,0.0014946830924600363,0.00038211492937989533,0.0001472938022893956,80.48040199279785
729,0.0009333521011285484,0.0024695759639143944,0.00014716509313251412,80.63441777229309
730,0.002004177076742053,0.0004583624249789864,0.00014703629227445978,80.70953059196472
731,0.0014198096469044685,0.001113070989958942,0.00014690740003303596,80.78320074081421
732,0.0011171033838763833,0.00025552912848070264,0.00014677841672627143,80.86275029182434
733,0.0011625847546383739,0.00047821819316595793,0.00014664934267241965,80.98654127120972
734,0.0019497531466186047,0.0006022460293024778,0.00014652017818995801,81.06139826774597
735,0.0011322288773953915,0.0006039611762389541,0.00014639092359758707,81.13949990272522
736,0.0015977025032043457,0.0004780829476658255,0.00014626157921422965,81.2189462184906
737,0.0014556165551766753,0.0012408265611156821,0.00014613214535903017,81.40357232093811
738,0.002052453812211752,0.0003984777140431106,0.00014600262235135383,81.47865772247314
739,0.0016581115778535604,0.0006210347055457532,0.00014587301051078577,81.55764293670654
740,0.0014101228443905711,0.0006687986897304654,0.00014574331015713027,81.63325595855713
741,0.0014819602947682142,0.001973372185602784,0.00014561352161041011,81.77708697319031
742,0.002795340958982706,0.0005923694698140025,0.0001454836451908656,81.85102939605713
743,0.0009943987242877483,0.0003429221105761826,0.00014535368121895392,81.9272198677063
744,0.002701208693906665,0.0007839046884328127,0.00014522363001534826,82.0024938583374
745,0.0022725784219801426,0.0003624715027399361,0.00014509349190093695,82.1757743358612
746,0.0020250757224857807,0.00039749135612510145,0.00014496326719682295,82.25011992454529
747,0.002064597327262163,0.004574148915708065,0.00014483295622432274,82.33748459815979
748,0.0026813014410436153,0.0006322505651041865,0.00014470255930496568,82.41511988639832
749,0.0015867077745497227,0.0005373481544665992,0.00014457207676049324,82.53884053230286
750,0.0015020240098237991,0.0007792168762534857,0.00014444150891285807,82.67006993293762
751,0.0006793246138840914,0.0002134596143150702,0.00014431085608422343,82.7468159198761
752,0.000899590493645519,0.0004259781853761524,0.00014418011859696213,82.82217192649841
753,0.0014895806089043617,0.0007844645879231393,0.0001440492967736559,82.90055012702942
754,0.0013537199702113867,0.0003818981640506536,0.00014391839093709464,83.04765605926514
755,0.000896441750228405,0.00022460588661488146,0.0001437874014102755,83.12319660186768
756,0.0031210328452289104,0.0022608437575399876,0.00014365632851640202,83.20174479484558
757,0.0015363057609647512,0.0002465653233230114,0.00014352517257888367,83.27772498130798
758,0.0014275845605880022,0.00043534653377719223,0.00014339393392133462,83.440908908844
759,0.002606213092803955,0.0009011324727907777,0.0001432626128675732,83.52141666412354
760,0.002464659744873643,0.0008868934237398207,0.00014313120974162103,83.59563875198364
761,0.0018529737135395408,0.0005076678935438395,0.0001429997248677023,83.67100977897644
762,0.00041431316640228033,0.00022274184448178858,0.00014286815857024292,83.83189487457275
763,0.0016105815302580595,0.0001663824514253065,0.00014273651117386956,83.90687370300293
764,0.001877980655990541,0.003643455682322383,0.0001426047830034091,83.98346138000488
765,0.0009793725330382586,0.0005850857705809176,0.00014247297438388777,84.06343054771423
766,0.0017984004225581884,0.0004928274429403245,0.00014234108564053016,84.20426321029663
767,0.0019229149911552668,0.0002949305344372988,0.0001422091170987587,84.2790322303772
768,0.0011779989581555128,0.0005527326138690114,0.00014207706908419255,84.35400152206421
769,0.0009296353673562407,0.00036821849062107503,0.0001419449419226472,84.4323616027832
770,0.0011551149655133486,0.0002425418351776898,0.00014181273594013316,84.55927872657776
771,0.0009722595568746328,0.0005041421973146498,0.0001416804514628556,84.63273119926453
772,0.0013598112855106592,0.0005541882710531354,0.00014154808881721332,84.71317291259766
773,0.0022026863880455494,0.0018713673343881965,0.00014141564832979798,84.78644275665283
774,0.0020045943092554808,0.0006179385236464441,0.00014128313032739332,84.92163801193237
775,0.00562015175819397,0.0015298546059057117,0.00014115053513697438,84.99823141098022
776,0.0007629952160641551,0.0004193554341327399,0.00014101786308570654,85.08263731002808
777,0.0016573102911934257,0.0005148822674527764,0.00014088511450094496,85.15623164176941
778,0.0005530775524675846,0.00021683430531993508,0.0001407522897102335,85.31510710716248
779,0.0012532901018857956,0.00031322118593379855,0.0001406193890413042,85.38892984390259
780,0.0020970534533262253,0.00046395917888730764,0.00014048641282207624,85.4628484249115
781,0.0014445711858570576,0.00031136037432588637,0.00014035336138065518,85.54792165756226
782,0.0010762254241853952,0.005419584922492504,0.00014022023504533225,85.71004557609558
783,0.0011083667632192373,0.00036355017800815403,0.00014008703414458348,85.78311014175415
784,0.00424451008439064,0.0017333764117211103,0.0001399537590070688,85.85671353340149
785,0.0026006472762674093,0.0028688882011920214,0.00013982040996163137,85.93043899536133
786,0.0014628141652792692,0.0005899359821341932,0.00013968698733729678,86.13351845741272
787,0.0014153852825984359,0.0011187342461198568,0.00013955349146327199,86.20904803276062
788,0.0029227565973997116,0.0007984676049090922,0.00013941992266894486,86.28439402580261
789,0.002189074410125613,0.0005012027104385197,0.00013928628128388303,86.3582935333252
790,0.0017144115408882499,0.004923313856124878,0.00013915256763783346,86.50402021408081
791,0.0016447135712951422,0.0013623720733448863,0.0001390187820607212,86.5771837234497
792,0.004080941900610924,0.0008092064526863396,0.00013888492488264885,86.65227222442627
793,0.003130763303488493,0.0028207642026245594,0.00013875099643389575,86.72659158706665
794,0.004985515959560871,0.0019167695427313447,0.00013861699704491702,86.92436194419861
795,0.0015766950091347098,0.001674331957474351,0.0001384829270463428,86.99755573272705
796,0.00152000249363482,0.0004373582487460226,0.00013834878676897744,87.0717203617096
797,0.0015761430840939283,0.000408605788834393,0.00013821457654379884,87.15117144584656
798,0.0010300306603312492,0.00021977767755743116,0.00013808029670195733,87.32019090652466
799,0.0013611596077680588,0.000246234645601362,0.00013794594757477512,87.39590644836426
800,0.0025851766113191843,0.0004684817395173013,0.00013781152949374526,87.47140121459961
801,0.002276413142681122,0.0008589293574914336,0.00013767704279053108,88.79151368141174
802,0.0025729844346642494,0.0013253922807052732,0.00013754248779696508,88.86737489700317
803,0.001712388708256185,0.0010881939670071006,0.00013740786484504834,88.94446420669556
804,0.002392546972259879,0.00047665651072748005,0.00013727317426694968,89.02109837532043
805,0.0024201141204684973,0.00037685930146835744,0.00013713841639500463,89.16983294487
806,0.00111187226139009,0.0002206570643465966,0.00013700359156171489,89.24572610855103
807,0.0016694357618689537,0.0004931984003633261,0.0001368687000997473,89.32222580909729
808,0.0005521620623767376,0.0004159262462053448,0.00013673374234193314,89.39650082588196
809,0.0026149768382310867,0.0004247160686645657,0.0001365987186212673,89.58587384223938
810,0.0033673986326903105,0.002884340239688754,0.00013646362927090738,89.66082715988159
811,0.0031774304807186127,0.0008396760676987469,0.00013632847462417288,89.73449683189392
812,0.000984577345661819,0.00024124598712660372,0.00013619325501454448,89.80844712257385
813,0.0009950394742190838,0.00030051363864913583,0.00013605797077566315,90.01225996017456
814,0.0009060751181095839,0.000982858706265688,0.00013592262224132923,90.08494448661804
815,0.00209250976331532,0.0011977324029430747,0.00013578720974550184,90.15801119804382
816,0.0013553353492170572,0.0005745699745602906,0.00013565173362229787,90.23461055755615
817,0.0041297986172139645,0.0019700832199305296,0.00013551619420599113,90.38884925842285
818,0.002280822489410639,0.0002980261342599988,0.00013538059183101163,90.47206687927246
819,0.003961737733334303,0.0013981881784275174,0.00013524492683194487,90.55038261413574
820,0.001787740271538496,0.0003168254334013909,0.00013510919954353066,90.623202085495
821,0.0009994386928156018,0.00025606557028368115,0.0001349734103006626,90.795743227005
822,0.0037486457731574774,0.0017396864714100957,0.00013483755943838712,90.88053321838379
823,0.002319037914276123,0.00042172419489361346,0.0001347016472919028,90.96011066436768
824,0.0016632156912237406,0.0005113906809128821,0.00013456567419655927,91.03843855857849
825,0.0010593137703835964,0.0002694640716072172,0.0001344296404878567,91.14280414581299
826,0.002795836655423045,0.000597363046836108,0.00013429354650144467,91.21738028526306
827,0.0008393628522753716,0.0014637743588536978,0.00013415739257312162,91.29413986206055
828,0.0022865659557282925,0.0005135834217071533,0.00013402117903883382,91.37084078788757
829,0.0015944256447255611,0.0003189232957083732,0.0001338849062346746,91.51791286468506
830,0.00324225053191185,0.0011830743169412017,0.00013374857449688357,91.5911967754364
831,0.0022304393351078033,0.00048109691124409437,0.0001336121841618458,91.66408371925354
832,0.0014789020642638206,0.0007140673696994781,0.0001334757355660907,91.7389063835144
833,0.0014424839755520225,0.0006984947249293327,0.00013333922904629184,91.94631552696228
834,0.0020782211795449257,0.004147576633840799,0.0001332026649392654,92.02296495437622
835,0.0007559062796644866,0.0008417203207500279,0.0001330660435819697,92.09875130653381
836,0.0007929508574306965,0.00021398661192506552,0.00013292936531150438,92.17943978309631
837,0.0011138797271996737,0.0005416420754045248,0.00013279263046510955,92.33920860290527
838,0.0015548469964414835,0.0005945057491771877,0.00013265583938016474,92.41917729377747
839,0.0015106428181752563,0.000796874170191586,0.00013251899239418843,92.49803137779236
840,0.001120127271860838,0.00040853265090845525,0.00013238208984483693,92.58386397361755
841,0.0012258528731763363,0.0005510583287104964,0.00013224513206990367,92.78208565711975
842,0.0039984919130802155,0.0008684205822646618,0.0001321081194073184,92.86068034172058
843,0.0021350854076445103,0.0005158744752407074,0.00013197105219514614,92.93823790550232
844,0.0017603583401069045,0.00021778882364742458,0.00013183393077158669,93.01396083831787
845,0.0019110603025183082,0.0006852619117125869,0.00013169675547497348,93.16645050048828
846,0.0019364983309060335,0.002594481920823455,0.00013155952664377298,93.23970818519592
847,0.0013097630580887198,0.00030693685403093696,0.00013142224461658362,93.31789660453796
848,0.0016498025506734848,0.00151401711627841,0.00013128490973213523,93.4003210067749
849,0.001554972492158413,0.0004203930147923529,0.00013114752232928792,93.55898547172546
850,0.0008777558687143028,0.00045909572509117424,0.0001310100827470315,93.6330463886261
851,0.0010673126671463251,0.0004888069815933704,0.00013087259132448444,93.71078324317932
852,0.0018511423841118813,0.0005510068731382489,0.00013073504840089317,93.78818655014038
853,0.0020689754746854305,0.0009025443578138947,0.0001305974543156312,93.94913101196289
854,0.001241093035787344,0.0003268471045885235,0.00013045980940819819,94.02386498451233
855,0.0012936200946569443,0.0007322448655031621,0.00013032211401821934,94.10310220718384
856,0.0020510314498096704,0.0004421651246957481,0.00013018436848544432,94.17612361907959
857,0.003072709310799837,0.002580521395429969,0.0001300465731497465,94.31849217414856
858,0.001941533526405692,0.0007114105974324048,0.00012990872835112226,94.39247870445251
859,0.0013016520533710718,0.0002457164227962494,0.00012977083442968984,94.46720910072327
860,0.0010691012721508741,0.000528171134646982,0.00012963289172568884,94.55028820037842
861,0.0017450419254601002,0.0010238622780889273,0.00012949490057947917,94.73574185371399
862,0.0011772136203944683,0.00043737603118643165,0.0001293568613315402,94.8098976612091
863,0.0014726982917636633,0.00030710146529600024,0.00012921877432247017,94.8918845653534
864,0.0007098663481883705,0.0003343059797771275,0.00012908063989298493,94.96928834915161
865,0.002006400842219591,0.0006118862656876445,0.0001289424583839175,95.11930465698242
866,0.0052212802693247795,0.00723655428737402,0.00012880423013621704,95.19210028648376
867,0.0016870124964043498,0.00042096246033906937,0.00012866595549094803,95.26554727554321
868,0.00254144798964262,0.0017893147887662053,0.00012852763478928933,95.34006667137146
869,0.0014220759039744735,0.0004913819138891995,0.00012838926837253358,95.44513654708862
870,0.0022231435868889093,0.00043367737089283764,0.00012825085658208613,95.52246809005737
871,0.0008923590066842735,0.00026022453675977886,0.00012811239975946435,95.5957338809967
872,0.0012627528049051762,0.00028681670664809644,0.00012797389824629665,95.67295002937317
873,0.0013500245986506343,0.0017468337900936604,0.00012783535238432175,95.793705701828
874,0.0011628367938101292,0.0005514764343388379,0.0001276967625153878,95.86943578720093
875,0.0019072925206273794,0.0002536185784265399,0.00012755812898145155,95.94418978691101
876,0.001316938898526132,0.00027196272276341915,0.00012741945212457742,96.02234625816345
877,0.0013704461744055152,0.00030551341478712857,0.0001272807322869368,96.1733968257904
878,0.0007833666168153286,0.0001933344465214759,0.0001271419698108071,96.25445461273193
879,0.001281145610846579,0.0005648728692904115,0.00012700316503857093,96.33215594291687
880,0.0006054136320017278,0.00026532734045758843,0.0001268643183127152,96.42985987663269
881,0.0010186797007918358,0.0004896219470538199,0.00012672542997583052,96.57069158554077
882,0.0022072941064834595,0.0003651277511380613,0.00012658650037061003,96.64716029167175
883,0.002598758786916733,0.0005905295838601887,0.00012644752983984864,96.72590041160583
884,0.0026219780556857586,0.0009958400623872876,0.00012630851872644236,96.79986834526062
885,0.0018771437462419271,0.0002689095854293555,0.00012616946737338734,96.92193269729614
886,0.0025131499860435724,0.003049180144444108,0.00012603037612377892,97.02141070365906
887,0.0029623769223690033,0.000714086985681206,0.00012589124532081094,97.10398197174072
888,0.001621388248167932,0.005654327105730772,0.00012575207530777485,97.18106269836426
889,0.0015191722195595503,0.000377073505660519,0.00012561286642805882,97.3088800907135
890,0.0006029325886629522,0.0002928800822701305,0.00012547361902514687,97.41798996925354
891,0.0019260983681306243,0.0010875335428863764,0.0001253343334426182,97.49611520767212
892,0.0005133523372933269,0.00023172932560555637,0.00012519501002414605,97.57614183425903
893,0.003936036489903927,0.0008424738189205527,0.0001250556491134972,97.71748948097229
894,0.0018580261385068297,0.00048427123692817986,0.00012491625105453077,97.78977942466736
895,0.0016564041143283248,0.0006552514969371259,0.0001247768161911977,97.86422920227051
896,0.001678457367233932,0.000742230680771172,0.00012463734486753953,97.93658471107483
897,0.002727106213569641,0.00047955007175914943,0.000124497837427688,98.1069061756134
898,0.0006515960558317602,0.0002536774845793843,0.00012435829421586375,98.17923760414124
899,0.001237215823493898,0.000363520928658545,0.0001242187155763759,98.25300645828247
900,0.0013189719757065177,0.0002865011047106236,0.00012407910185362078,98.32597804069519
